<?xml version="1.0" encoding="UTF-8"?>
<gpx creator="Garmin Connect" version="1.1"
  xsi:schemaLocation="http://www.topografix.com/GPX/1/1 http://www.topografix.com/GPX/11.xsd"
  xmlns:ns3="http://www.garmin.com/xmlschemas/TrackPointExtension/v1"
  xmlns="http://www.topografix.com/GPX/1/1"
  xmlns:xsi="http://www.w3.org/2001/XMLSchema-instance" xmlns:ns2="http://www.garmin.com/xmlschemas/GpxExtensions/v3">
  <metadata>
    <name>McKinney Run Club - 10 Mile Loop</name>
    <link href="connect.garmin.com">
      <text>Garmin Connect</text>
    </link>
    <time>2024-04-07T14:02:10.000Z</time>
  </metadata>
  <trk>
    <name>McKinney Run Club - 10 Mile Loop</name>
    <trkseg>
      <trkpt lat="33.174850987270474" lon="-96.69587588869035">
        <ele>219.4</ele>
      </trkpt>
      <trkpt lat="33.17483447492123" lon="-96.69589139521122">
        <ele>219.0</ele>
      </trkpt>
      <trkpt lat="33.174823159351945" lon="-96.69590338133276">
        <ele>218.8</ele>
      </trkpt>
      <trkpt lat="33.17477563396096" lon="-96.69595719315112">
        <ele>219.2</ele>
      </trkpt>
      <trkpt lat="33.17472576163709" lon="-96.69601670466363">
        <ele>219.2</ele>
      </trkpt>
      <trkpt lat="33.17470480687916" lon="-96.69603648595512">
        <ele>219.2</ele>
      </trkpt>
      <trkpt lat="33.174670021981" lon="-96.69607856310904">
        <ele>219.2</ele>
      </trkpt>
      <trkpt lat="33.17465568892658" lon="-96.696099601686">
        <ele>219.2</ele>
      </trkpt>
      <trkpt lat="33.174640852957964" lon="-96.69612105935812">
        <ele>219.2</ele>
      </trkpt>
      <trkpt lat="33.174623837694526" lon="-96.69614201411605">
        <ele>219.4</ele>
      </trkpt>
      <trkpt lat="33.174575390294194" lon="-96.69620211236179">
        <ele>219.6</ele>
      </trkpt>
      <trkpt lat="33.174529457464814" lon="-96.69625977985561">
        <ele>219.6</ele>
      </trkpt>
      <trkpt lat="33.174501713365316" lon="-96.69630386866629">
        <ele>219.4</ele>
      </trkpt>
      <trkpt lat="33.17444773390889" lon="-96.69639229774475">
        <ele>219.4</ele>
      </trkpt>
      <trkpt lat="33.174388306215405" lon="-96.69651350006461">
        <ele>219.8</ele>
      </trkpt>
      <trkpt lat="33.174379002302885" lon="-96.69657192192972">
        <ele>220.0</ele>
      </trkpt>
      <trkpt lat="33.174372715875506" lon="-96.69666127301753">
        <ele>220.2</ele>
      </trkpt>
      <trkpt lat="33.174365758895874" lon="-96.69675548560917">
        <ele>220.4</ele>
      </trkpt>
      <trkpt lat="33.17431094124913" lon="-96.6968681383878">
        <ele>220.6</ele>
      </trkpt>
      <trkpt lat="33.17422142252326" lon="-96.69701029546559">
        <ele>221.2</ele>
      </trkpt>
      <trkpt lat="33.17424832843244" lon="-96.69712537899613">
        <ele>221.4</ele>
      </trkpt>
      <trkpt lat="33.17425302229822" lon="-96.69715471565723">
        <ele>221.4</ele>
      </trkpt>
      <trkpt lat="33.17425997927785" lon="-96.69721548445523">
        <ele>221.4</ele>
      </trkpt>
      <trkpt lat="33.17427431233227" lon="-96.69736359268427">
        <ele>221.8</ele>
      </trkpt>
      <trkpt lat="33.17428604699671" lon="-96.69751446694136">
        <ele>222.0</ele>
      </trkpt>
      <trkpt lat="33.17429602146149" lon="-96.69757573865354">
        <ele>222.0</ele>
      </trkpt>
      <trkpt lat="33.174306247383356" lon="-96.69769124127924">
        <ele>222.0</ele>
      </trkpt>
      <trkpt lat="33.17431136034429" lon="-96.69774949550629">
        <ele>222.2</ele>
      </trkpt>
      <trkpt lat="33.174315886572" lon="-96.69788922183216">
        <ele>222.4</ele>
      </trkpt>
      <trkpt lat="33.17433298565447" lon="-96.69793817214668">
        <ele>222.4</ele>
      </trkpt>
      <trkpt lat="33.17436475306749" lon="-96.69799734838307">
        <ele>222.8</ele>
      </trkpt>
      <trkpt lat="33.17434312775731" lon="-96.69803825207055">
        <ele>222.8</ele>
      </trkpt>
      <trkpt lat="33.17427271977067" lon="-96.69820555485785">
        <ele>222.8</ele>
      </trkpt>
      <trkpt lat="33.17425210028887" lon="-96.69839289039373">
        <ele>223.0</ele>
      </trkpt>
      <trkpt lat="33.17426500841975" lon="-96.69850847683847">
        <ele>223.6</ele>
      </trkpt>
      <trkpt lat="33.17427724599838" lon="-96.69853337109089">
        <ele>223.6</ele>
      </trkpt>
      <trkpt lat="33.17429174669087" lon="-96.69855491258204">
        <ele>223.6</ele>
      </trkpt>
      <trkpt lat="33.17432208918035" lon="-96.69861886650324">
        <ele>223.4</ele>
      </trkpt>
      <trkpt lat="33.174309181049466" lon="-96.69867276214063">
        <ele>223.6</ele>
      </trkpt>
      <trkpt lat="33.17427758127451" lon="-96.69883629307151">
        <ele>224.0</ele>
      </trkpt>
      <trkpt lat="33.17427674308419" lon="-96.69886219315231">
        <ele>224.0</ele>
      </trkpt>
      <trkpt lat="33.1742730550468" lon="-96.6990286577493">
        <ele>224.2</ele>
      </trkpt>
      <trkpt lat="33.174273977056146" lon="-96.69911339879036">
        <ele>224.4</ele>
      </trkpt>
      <trkpt lat="33.17429945804179" lon="-96.6992704756558">
        <ele>224.2</ele>
      </trkpt>
      <trkpt lat="33.17430105060339" lon="-96.69932152144611">
        <ele>224.2</ele>
      </trkpt>
      <trkpt lat="33.174267606809735" lon="-96.69947608374059">
        <ele>224.2</ele>
      </trkpt>
      <trkpt lat="33.17426484078169" lon="-96.69950324110687">
        <ele>224.4</ele>
      </trkpt>
      <trkpt lat="33.17429426126182" lon="-96.69966123998165">
        <ele>224.6</ele>
      </trkpt>
      <trkpt lat="33.174304738640785" lon="-96.69968705624342">
        <ele>224.8</ele>
      </trkpt>
      <trkpt lat="33.174342876300216" lon="-96.69984983280301">
        <ele>225.4</ele>
      </trkpt>
      <trkpt lat="33.174346731975675" lon="-96.69987455941737">
        <ele>225.4</ele>
      </trkpt>
      <trkpt lat="33.17435838282108" lon="-96.69995670206845">
        <ele>225.6</ele>
      </trkpt>
      <trkpt lat="33.17435821518302" lon="-96.700100870803">
        <ele>225.6</ele>
      </trkpt>
      <trkpt lat="33.17433633841574" lon="-96.70026021078229">
        <ele>225.6</ele>
      </trkpt>
      <trkpt lat="33.17432292737067" lon="-96.7003133520484">
        <ele>225.6</ele>
      </trkpt>
      <trkpt lat="33.1743039842695" lon="-96.70048467814922">
        <ele>225.2</ele>
      </trkpt>
      <trkpt lat="33.174325693398714" lon="-96.70065759681165">
        <ele>225.0</ele>
      </trkpt>
      <trkpt lat="33.17432200536132" lon="-96.70068450272083">
        <ele>225.0</ele>
      </trkpt>
      <trkpt lat="33.174322256818414" lon="-96.70086144469678">
        <ele>225.0</ele>
      </trkpt>
      <trkpt lat="33.174326280131936" lon="-96.70092045329511">
        <ele>224.8</ele>
      </trkpt>
      <trkpt lat="33.17431001923978" lon="-96.70110703445971">
        <ele>224.6</ele>
      </trkpt>
      <trkpt lat="33.17431379109621" lon="-96.70113603584468">
        <ele>224.6</ele>
      </trkpt>
      <trkpt lat="33.17430876195431" lon="-96.70127710327506">
        <ele>224.6</ele>
      </trkpt>
      <trkpt lat="33.17430985160172" lon="-96.70130484737456">
        <ele>224.4</ele>
      </trkpt>
      <trkpt lat="33.174303816631436" lon="-96.70149545185268">
        <ele>223.8</ele>
      </trkpt>
      <trkpt lat="33.17430264316499" lon="-96.7015581484884">
        <ele>223.6</ele>
      </trkpt>
      <trkpt lat="33.1743039842695" lon="-96.70158924534917">
        <ele>223.6</ele>
      </trkpt>
      <trkpt lat="33.174306750297546" lon="-96.7017497587949">
        <ele>223.0</ele>
      </trkpt>
      <trkpt lat="33.174306163564324" lon="-96.70193717814982">
        <ele>222.8</ele>
      </trkpt>
      <trkpt lat="33.174306163564324" lon="-96.70200171880424">
        <ele>222.8</ele>
      </trkpt>
      <trkpt lat="33.17431119270623" lon="-96.70213054865599">
        <ele>222.4</ele>
      </trkpt>
      <trkpt lat="33.17431655712426" lon="-96.70222140848637">
        <ele>222.0</ele>
      </trkpt>
      <trkpt lat="33.17431664094329" lon="-96.7024043854326">
        <ele>221.8</ele>
      </trkpt>
      <trkpt lat="33.17432410083711" lon="-96.70246699824929">
        <ele>221.6</ele>
      </trkpt>
      <trkpt lat="33.174333069473505" lon="-96.70260454528034">
        <ele>221.4</ele>
      </trkpt>
      <trkpt lat="33.17433139309287" lon="-96.70263480395079">
        <ele>221.2</ele>
      </trkpt>
      <trkpt lat="33.17433969117701" lon="-96.70281065627933">
        <ele>220.6</ele>
      </trkpt>
      <trkpt lat="33.174354108050466" lon="-96.70286388136446">
        <ele>220.6</ele>
      </trkpt>
      <trkpt lat="33.1743679381907" lon="-96.70291425660253">
        <ele>220.2</ele>
      </trkpt>
      <trkpt lat="33.174396520480514" lon="-96.70306697487831">
        <ele>219.8</ele>
      </trkpt>
      <trkpt lat="33.174386378377676" lon="-96.70324525795877">
        <ele>219.8</ele>
      </trkpt>
      <trkpt lat="33.17437347024679" lon="-96.70333025045693">
        <ele>219.4</ele>
      </trkpt>
      <trkpt lat="33.17436156794429" lon="-96.70340518467128">
        <ele>219.2</ele>
      </trkpt>
      <trkpt lat="33.17434664815664" lon="-96.70351984910667">
        <ele>218.6</ele>
      </trkpt>
      <trkpt lat="33.17434958182275" lon="-96.70366778969765">
        <ele>218.0</ele>
      </trkpt>
      <trkpt lat="33.17435821518302" lon="-96.70375093817711">
        <ele>217.8</ele>
      </trkpt>
      <trkpt lat="33.17435720935464" lon="-96.70391279272735">
        <ele>217.6</ele>
      </trkpt>
      <trkpt lat="33.174358969554305" lon="-96.70399895869195">
        <ele>217.4</ele>
      </trkpt>
      <trkpt lat="33.17437279969454" lon="-96.70417807996273">
        <ele>217.0</ele>
      </trkpt>
      <trkpt lat="33.17438914440572" lon="-96.70429333113134">
        <ele>216.8</ele>
      </trkpt>
      <trkpt lat="33.174368776381016" lon="-96.70448435470462">
        <ele>216.8</ele>
      </trkpt>
      <trkpt lat="33.17434715107083" lon="-96.70458267442882">
        <ele>216.6</ele>
      </trkpt>
      <trkpt lat="33.17434103228152" lon="-96.70477260835469">
        <ele>216.6</ele>
      </trkpt>
      <trkpt lat="33.17433231510222" lon="-96.70480873435736">
        <ele>216.6</ele>
      </trkpt>
      <trkpt lat="33.17431286908686" lon="-96.70500554144382">
        <ele>216.6</ele>
      </trkpt>
      <trkpt lat="33.17431278526783" lon="-96.70509539544582">
        <ele>216.6</ele>
      </trkpt>
      <trkpt lat="33.17432879470289" lon="-96.70526714064181">
        <ele>217.0</ele>
      </trkpt>
      <trkpt lat="33.174330554902554" lon="-96.7053559049964">
        <ele>217.0</ele>
      </trkpt>
      <trkpt lat="33.17437087185681" lon="-96.70552865602076">
        <ele>217.2</ele>
      </trkpt>
      <trkpt lat="33.174374559894204" lon="-96.70555899851024">
        <ele>217.2</ele>
      </trkpt>
      <trkpt lat="33.17438361234963" lon="-96.705735437572">
        <ele>217.6</ele>
      </trkpt>
      <trkpt lat="33.17438797093928" lon="-96.7058509401977">
        <ele>217.8</ele>
      </trkpt>
      <trkpt lat="33.17438864149153" lon="-96.70588103123009">
        <ele>217.8</ele>
      </trkpt>
      <trkpt lat="33.174388725310564" lon="-96.70600206591189">
        <ele>218.0</ele>
      </trkpt>
      <trkpt lat="33.17439031787217" lon="-96.70618956908584">
        <ele>218.4</ele>
      </trkpt>
      <trkpt lat="33.17439392209053" lon="-96.7063763178885">
        <ele>218.6</ele>
      </trkpt>
      <trkpt lat="33.17439283244312" lon="-96.70646902173758">
        <ele>218.6</ele>
      </trkpt>
      <trkpt lat="33.174394592642784" lon="-96.70664898119867">
        <ele>219.0</ele>
      </trkpt>
      <trkpt lat="33.17439341917634" lon="-96.70667882077396">
        <ele>219.2</ele>
      </trkpt>
      <trkpt lat="33.17437975667417" lon="-96.70676657930017">
        <ele>219.2</ele>
      </trkpt>
      <trkpt lat="33.174369195476174" lon="-96.70694159343839">
        <ele>219.6</ele>
      </trkpt>
      <trkpt lat="33.174365255981684" lon="-96.70700311660767">
        <ele>219.6</ele>
      </trkpt>
      <trkpt lat="33.17435863427818" lon="-96.7071876861155">
        <ele>219.6</ele>
      </trkpt>
      <trkpt lat="33.17435536533594" lon="-96.70727418735623">
        <ele>219.8</ele>
      </trkpt>
      <trkpt lat="33.17435980774462" lon="-96.7074403166771">
        <ele>220.0</ele>
      </trkpt>
      <trkpt lat="33.17435955628753" lon="-96.70746873132885">
        <ele>220.2</ele>
      </trkpt>
      <trkpt lat="33.17436056211591" lon="-96.70754861086607">
        <ele>220.4</ele>
      </trkpt>
      <trkpt lat="33.17436492070556" lon="-96.70770803466439">
        <ele>220.8</ele>
      </trkpt>
      <trkpt lat="33.17437053658068" lon="-96.70781716704369">
        <ele>221.0</ele>
      </trkpt>
      <trkpt lat="33.17437632009387" lon="-96.70797533355653">
        <ele>221.2</ele>
      </trkpt>
      <trkpt lat="33.17437330260873" lon="-96.70808865688741">
        <ele>221.4</ele>
      </trkpt>
      <trkpt lat="33.17437632009387" lon="-96.70825721696019">
        <ele>222.2</ele>
      </trkpt>
      <trkpt lat="33.17437523044646" lon="-96.70828487724066">
        <ele>222.2</ele>
      </trkpt>
      <trkpt lat="33.17436986602843" lon="-96.70836693607271">
        <ele>222.4</ele>
      </trkpt>
      <trkpt lat="33.174372632056475" lon="-96.70853532850742">
        <ele>223.0</ele>
      </trkpt>
      <trkpt lat="33.17437590099871" lon="-96.70864328742027">
        <ele>223.2</ele>
      </trkpt>
      <trkpt lat="33.17437673918903" lon="-96.70880874618888">
        <ele>223.8</ele>
      </trkpt>
      <trkpt lat="33.17437573336065" lon="-96.70886549167335">
        <ele>224.2</ele>
      </trkpt>
      <trkpt lat="33.17437724210322" lon="-96.70892265625298">
        <ele>224.4</ele>
      </trkpt>
      <trkpt lat="33.1743832770735" lon="-96.70908660627902">
        <ele>225.0</ele>
      </trkpt>
      <trkpt lat="33.17445100285113" lon="-96.70919707976282">
        <ele>225.2</ele>
      </trkpt>
      <trkpt lat="33.17449995316565" lon="-96.70926128514111">
        <ele>225.4</ele>
      </trkpt>
      <trkpt lat="33.1745994463563" lon="-96.70932356268167">
        <ele>225.0</ele>
      </trkpt>
      <trkpt lat="33.17474512383342" lon="-96.70932473614812">
        <ele>224.4</ele>
      </trkpt>
      <trkpt lat="33.17476909607649" lon="-96.70932431705296">
        <ele>224.4</ele>
      </trkpt>
      <trkpt lat="33.17479507997632" lon="-96.7093254905194">
        <ele>224.2</ele>
      </trkpt>
      <trkpt lat="33.17494888789952" lon="-96.70931987464428">
        <ele>223.4</ele>
      </trkpt>
      <trkpt lat="33.17500026896596" lon="-96.70931643806398">
        <ele>223.2</ele>
      </trkpt>
      <trkpt lat="33.17502667196095" lon="-96.70931526459754">
        <ele>223.0</ele>
      </trkpt>
      <trkpt lat="33.17517972551286" lon="-96.70928886160254">
        <ele>222.6</ele>
      </trkpt>
      <trkpt lat="33.17525717429817" lon="-96.70927201397717">
        <ele>222.4</ele>
      </trkpt>
      <trkpt lat="33.175331773236394" lon="-96.70925223268569">
        <ele>222.2</ele>
      </trkpt>
      <trkpt lat="33.17547828890383" lon="-96.70920554548502">
        <ele>221.4</ele>
      </trkpt>
      <trkpt lat="33.175523886457086" lon="-96.70918785966933">
        <ele>221.0</ele>
      </trkpt>
      <trkpt lat="33.17566394805908" lon="-96.7091185413301">
        <ele>220.8</ele>
      </trkpt>
      <trkpt lat="33.17568616010249" lon="-96.70910630375147">
        <ele>220.8</ele>
      </trkpt>
      <trkpt lat="33.17582353949547" lon="-96.70903312973678">
        <ele>220.6</ele>
      </trkpt>
      <trkpt lat="33.17591490224004" lon="-96.70898275449872">
        <ele>220.0</ele>
      </trkpt>
      <trkpt lat="33.17598304711282" lon="-96.70894084498286">
        <ele>219.6</ele>
      </trkpt>
      <trkpt lat="33.17612553946674" lon="-96.70886465348303">
        <ele>219.4</ele>
      </trkpt>
      <trkpt lat="33.176241628825665" lon="-96.70880346558988">
        <ele>219.6</ele>
      </trkpt>
      <trkpt lat="33.176372135058045" lon="-96.70873196795583">
        <ele>219.8</ele>
      </trkpt>
      <trkpt lat="33.176462994888425" lon="-96.70869274064898">
        <ele>219.8</ele>
      </trkpt>
      <trkpt lat="33.17657070234418" lon="-96.70862786471844">
        <ele>220.0</ele>
      </trkpt>
      <trkpt lat="33.17670565098524" lon="-96.70855594798923">
        <ele>219.6</ele>
      </trkpt>
      <trkpt lat="33.17683992907405" lon="-96.70848034322262">
        <ele>219.6</ele>
      </trkpt>
      <trkpt lat="33.176909666508436" lon="-96.70844321139157">
        <ele>219.6</ele>
      </trkpt>
      <trkpt lat="33.17704754881561" lon="-96.70838001184165">
        <ele>219.8</ele>
      </trkpt>
      <trkpt lat="33.17707017995417" lon="-96.70836970210075">
        <ele>219.8</ele>
      </trkpt>
      <trkpt lat="33.17718534730375" lon="-96.70831312425435">
        <ele>219.8</ele>
      </trkpt>
      <trkpt lat="33.17723295651376" lon="-96.70829309150577">
        <ele>219.8</ele>
      </trkpt>
      <trkpt lat="33.17737394012511" lon="-96.70823232270777">
        <ele>220.0</ele>
      </trkpt>
      <trkpt lat="33.177520874887705" lon="-96.7081874795258">
        <ele>220.0</ele>
      </trkpt>
      <trkpt lat="33.17767057567835" lon="-96.70815437100828">
        <ele>219.8</ele>
      </trkpt>
      <trkpt lat="33.177746096625924" lon="-96.70814221724868">
        <ele>220.0</ele>
      </trkpt>
      <trkpt lat="33.17790032364428" lon="-96.70812302269042">
        <ele>219.6</ele>
      </trkpt>
      <trkpt lat="33.177979281172156" lon="-96.7081187479198">
        <ele>219.6</ele>
      </trkpt>
      <trkpt lat="33.178134178742766" lon="-96.70809184201062">
        <ele>219.6</ele>
      </trkpt>
      <trkpt lat="33.17823191173375" lon="-96.7080841306597">
        <ele>219.6</ele>
      </trkpt>
      <trkpt lat="33.17838974297047" lon="-96.70810759998858">
        <ele>219.6</ele>
      </trkpt>
      <trkpt lat="33.1784397829324" lon="-96.7081237770617">
        <ele>219.4</ele>
      </trkpt>
      <trkpt lat="33.17858520895243" lon="-96.70815906487405">
        <ele>219.2</ele>
      </trkpt>
      <trkpt lat="33.17863457836211" lon="-96.70817172154784">
        <ele>219.2</ele>
      </trkpt>
      <trkpt lat="33.17877480760217" lon="-96.70821329578757">
        <ele>219.2</ele>
      </trkpt>
      <trkpt lat="33.17884102463722" lon="-96.70824087224901">
        <ele>219.2</ele>
      </trkpt>
      <trkpt lat="33.17898619920015" lon="-96.70830097049475">
        <ele>219.4</ele>
      </trkpt>
      <trkpt lat="33.17901000380516" lon="-96.70830935239792">
        <ele>219.2</ele>
      </trkpt>
      <trkpt lat="33.17914444953203" lon="-96.70837188139558">
        <ele>219.8</ele>
      </trkpt>
      <trkpt lat="33.179188622161746" lon="-96.70838948339224">
        <ele>220.2</ele>
      </trkpt>
      <trkpt lat="33.17934033460915" lon="-96.70843541622162">
        <ele>220.6</ele>
      </trkpt>
      <trkpt lat="33.179415268823504" lon="-96.70846953056753">
        <ele>220.8</ele>
      </trkpt>
      <trkpt lat="33.17951291799545" lon="-96.70851244591177">
        <ele>221.0</ele>
      </trkpt>
      <trkpt lat="33.179635629057884" lon="-96.70856483280659">
        <ele>221.2</ele>
      </trkpt>
      <trkpt lat="33.179779294878244" lon="-96.70862325467169">
        <ele>221.4</ele>
      </trkpt>
      <trkpt lat="33.17987375892699" lon="-96.7086674273014">
        <ele>221.6</ele>
      </trkpt>
      <trkpt lat="33.18001549690962" lon="-96.70872509479523">
        <ele>221.8</ele>
      </trkpt>
      <trkpt lat="33.18006235174835" lon="-96.7087419424206">
        <ele>221.6</ele>
      </trkpt>
      <trkpt lat="33.18021037615836" lon="-96.70878116972744">
        <ele>221.8</ele>
      </trkpt>
      <trkpt lat="33.180257733911276" lon="-96.70879960991442">
        <ele>222.0</ele>
      </trkpt>
      <trkpt lat="33.180405758321285" lon="-96.70885132625699">
        <ele>221.8</ele>
      </trkpt>
      <trkpt lat="33.180545484647155" lon="-96.70889977365732">
        <ele>221.6</ele>
      </trkpt>
      <trkpt lat="33.18061128258705" lon="-96.70893615111709">
        <ele>221.6</ele>
      </trkpt>
      <trkpt lat="33.180661322548985" lon="-96.7090664897114">
        <ele>221.4</ele>
      </trkpt>
      <trkpt lat="33.18064849823713" lon="-96.70923722907901">
        <ele>221.2</ele>
      </trkpt>
      <trkpt lat="33.180641289800406" lon="-96.70931744389236">
        <ele>221.2</ele>
      </trkpt>
      <trkpt lat="33.18061597645283" lon="-96.7094692401588">
        <ele>220.8</ele>
      </trkpt>
      <trkpt lat="33.180612958967686" lon="-96.70952389016747">
        <ele>220.6</ele>
      </trkpt>
      <trkpt lat="33.180610444396734" lon="-96.7096989043057">
        <ele>220.2</ele>
      </trkpt>
      <trkpt lat="33.18061270751059" lon="-96.70975724235177">
        <ele>220.2</ele>
      </trkpt>
      <trkpt lat="33.180613461881876" lon="-96.70978406444192">
        <ele>220.0</ele>
      </trkpt>
      <trkpt lat="33.18063374608755" lon="-96.70996360480785">
        <ele>219.6</ele>
      </trkpt>
      <trkpt lat="33.18063961341977" lon="-96.71002537943423">
        <ele>219.6</ele>
      </trkpt>
      <trkpt lat="33.18065461702645" lon="-96.71020852401853">
        <ele>219.2</ele>
      </trkpt>
      <trkpt lat="33.180661825463176" lon="-96.71029871329665">
        <ele>219.2</ele>
      </trkpt>
      <trkpt lat="33.18067708052695" lon="-96.71049049124122">
        <ele>219.2</ele>
      </trkpt>
      <trkpt lat="33.18068051710725" lon="-96.71052292920649">
        <ele>219.0</ele>
      </trkpt>
      <trkpt lat="33.18069216795266" lon="-96.71058512292802">
        <ele>218.6</ele>
      </trkpt>
      <trkpt lat="33.18072561174631" lon="-96.71075100079179">
        <ele>218.4</ele>
      </trkpt>
      <trkpt lat="33.18074220791459" lon="-96.71083942987025">
        <ele>218.0</ele>
      </trkpt>
      <trkpt lat="33.18074916489422" lon="-96.71086960472167">
        <ele>217.8</ele>
      </trkpt>
      <trkpt lat="33.18079392425716" lon="-96.71104612760246">
        <ele>217.4</ele>
      </trkpt>
      <trkpt lat="33.18080808967352" lon="-96.71110429801047">
        <ele>217.2</ele>
      </trkpt>
      <trkpt lat="33.180856704711914" lon="-96.71128274872899">
        <ele>217.0</ele>
      </trkpt>
      <trkpt lat="33.180863577872515" lon="-96.71131384558976">
        <ele>216.8</ele>
      </trkpt>
      <trkpt lat="33.18087229505181" lon="-96.71134469099343">
        <ele>216.8</ele>
      </trkpt>
      <trkpt lat="33.18092434667051" lon="-96.71153177507222">
        <ele>216.4</ele>
      </trkpt>
      <trkpt lat="33.18095359951258" lon="-96.71162196435034">
        <ele>216.2</ele>
      </trkpt>
      <trkpt lat="33.181019397452474" lon="-96.71178708784282">
        <ele>216.0</ele>
      </trkpt>
      <trkpt lat="33.18102995865047" lon="-96.71181357465684">
        <ele>216.0</ele>
      </trkpt>
      <trkpt lat="33.181049823760986" lon="-96.71186906285584">
        <ele>215.8</ele>
      </trkpt>
      <trkpt lat="33.18110824562609" lon="-96.71204055659473">
        <ele>215.4</ele>
      </trkpt>
      <trkpt lat="33.18113925866783" lon="-96.71212370507419">
        <ele>215.4</ele>
      </trkpt>
      <trkpt lat="33.181211007758975" lon="-96.7122873198241">
        <ele>215.4</ele>
      </trkpt>
      <trkpt lat="33.18126062862575" lon="-96.71239980496466">
        <ele>215.2</ele>
      </trkpt>
      <trkpt lat="33.181335562840104" lon="-96.71255889348686">
        <ele>215.2</ele>
      </trkpt>
      <trkpt lat="33.181360457092524" lon="-96.71260985545814">
        <ele>215.2</ele>
      </trkpt>
      <trkpt lat="33.181435726583004" lon="-96.71275972388685">
        <ele>215.4</ele>
      </trkpt>
      <trkpt lat="33.18147839047015" lon="-96.71283365227282">
        <ele>215.4</ele>
      </trkpt>
      <trkpt lat="33.18156371824443" lon="-96.71298611909151">
        <ele>215.2</ele>
      </trkpt>
      <trkpt lat="33.1816172786057" lon="-96.71308586373925">
        <ele>215.4</ele>
      </trkpt>
      <trkpt lat="33.18170537240803" lon="-96.71323455870152">
        <ele>215.2</ele>
      </trkpt>
      <trkpt lat="33.18173445761204" lon="-96.71328116208315">
        <ele>215.2</ele>
      </trkpt>
      <trkpt lat="33.181828586384654" lon="-96.7134166136384">
        <ele>215.2</ele>
      </trkpt>
      <trkpt lat="33.181894049048424" lon="-96.71350772492588">
        <ele>215.2</ele>
      </trkpt>
      <trkpt lat="33.181994715705514" lon="-96.71363957226276">
        <ele>215.4</ele>
      </trkpt>
      <trkpt lat="33.18207895383239" lon="-96.71375683508813">
        <ele>215.4</ele>
      </trkpt>
      <trkpt lat="33.18217936903238" lon="-96.71389061026275">
        <ele>215.6</ele>
      </trkpt>
      <trkpt lat="33.18226343952119" lon="-96.71399571932852">
        <ele>215.6</ele>
      </trkpt>
      <trkpt lat="33.182375337928534" lon="-96.71413075178862">
        <ele>216.2</ele>
      </trkpt>
      <trkpt lat="33.1824064347893" lon="-96.71417819336057">
        <ele>216.2</ele>
      </trkpt>
      <trkpt lat="33.18249930627644" lon="-96.71432764269412">
        <ele>216.8</ele>
      </trkpt>
      <trkpt lat="33.182519087567925" lon="-96.71434817835689">
        <ele>217.0</ele>
      </trkpt>
      <trkpt lat="33.18262377753854" lon="-96.71447549946606">
        <ele>217.6</ele>
      </trkpt>
      <trkpt lat="33.18263836205006" lon="-96.71449930407107">
        <ele>217.6</ele>
      </trkpt>
      <trkpt lat="33.18274732679129" lon="-96.71463492326438">
        <ele>217.8</ele>
      </trkpt>
      <trkpt lat="33.18278504535556" lon="-96.71467649750412">
        <ele>217.8</ele>
      </trkpt>
      <trkpt lat="33.18280273117125" lon="-96.71469711698592">
        <ele>218.0</ele>
      </trkpt>
      <trkpt lat="33.182893842458725" lon="-96.7148376815021">
        <ele>218.4</ele>
      </trkpt>
      <trkpt lat="33.18290616385639" lon="-96.71486265957355">
        <ele>218.6</ele>
      </trkpt>
      <trkpt lat="33.18299719132483" lon="-96.7149930819869">
        <ele>218.8</ele>
      </trkpt>
      <trkpt lat="33.18301831372082" lon="-96.71501093544066">
        <ele>218.8</ele>
      </trkpt>
      <trkpt lat="33.183108335360885" lon="-96.71506910584867">
        <ele>218.8</ele>
      </trkpt>
      <trkpt lat="33.18317027762532" lon="-96.71512702479959">
        <ele>218.8</ele>
      </trkpt>
      <trkpt lat="33.18328536115587" lon="-96.715257614851">
        <ele>218.8</ele>
      </trkpt>
      <trkpt lat="33.18334101699293" lon="-96.71533070504665">
        <ele>218.8</ele>
      </trkpt>
      <trkpt lat="33.183451825752854" lon="-96.71545517630875">
        <ele>218.8</ele>
      </trkpt>
      <trkpt lat="33.18347060121596" lon="-96.71547772362828">
        <ele>218.8</ele>
      </trkpt>
      <trkpt lat="33.18349180743098" lon="-96.71552583575249">
        <ele>218.8</ele>
      </trkpt>
      <trkpt lat="33.18347655236721" lon="-96.71557126566768">
        <ele>218.8</ele>
      </trkpt>
      <trkpt lat="33.183368761092424" lon="-96.71569020487368">
        <ele>218.6</ele>
      </trkpt>
      <trkpt lat="33.18333347328007" lon="-96.71572649851441">
        <ele>218.6</ele>
      </trkpt>
      <trkpt lat="33.18322350271046" lon="-96.71584879048169">
        <ele>218.6</ele>
      </trkpt>
      <trkpt lat="33.18314714357257" lon="-96.71592623926699">
        <ele>218.8</ele>
      </trkpt>
      <trkpt lat="33.18304329179227" lon="-96.71605565585196">
        <ele>219.0</ele>
      </trkpt>
      <trkpt lat="33.182981265708804" lon="-96.71614727005363">
        <ele>219.4</ele>
      </trkpt>
      <trkpt lat="33.18289887160063" lon="-96.71626646071672">
        <ele>219.6</ele>
      </trkpt>
      <trkpt lat="33.18285947665572" lon="-96.71629060059786">
        <ele>219.8</ele>
      </trkpt>
      <trkpt lat="33.18276115693152" lon="-96.71636964194477">
        <ele>220.0</ele>
      </trkpt>
      <trkpt lat="33.18266157992184" lon="-96.71647500246763">
        <ele>219.8</ele>
      </trkpt>
      <trkpt lat="33.182626543566585" lon="-96.71651490032673">
        <ele>220.0</ele>
      </trkpt>
      <trkpt lat="33.18250467069447" lon="-96.71664481982589">
        <ele>220.4</ele>
      </trkpt>
      <trkpt lat="33.18244591355324" lon="-96.71670894138515">
        <ele>220.4</ele>
      </trkpt>
      <trkpt lat="33.182332841679454" lon="-96.71683743596077">
        <ele>220.6</ele>
      </trkpt>
      <trkpt lat="33.18225690163672" lon="-96.71691773459315">
        <ele>220.6</ele>
      </trkpt>
      <trkpt lat="33.18217584863305" lon="-96.71699543483555">
        <ele>220.8</ele>
      </trkpt>
      <trkpt lat="33.18208113312721" lon="-96.71709585003555">
        <ele>220.8</ele>
      </trkpt>
      <trkpt lat="33.181963954120874" lon="-96.71721872873604">
        <ele>220.6</ele>
      </trkpt>
      <trkpt lat="33.181876027956605" lon="-96.7172897234559">
        <ele>220.6</ele>
      </trkpt>
      <trkpt lat="33.18175717256963" lon="-96.71741461381316">
        <ele>220.6</ele>
      </trkpt>
      <trkpt lat="33.18172129802406" lon="-96.71745400875807">
        <ele>220.4</ele>
      </trkpt>
      <trkpt lat="33.18160990253091" lon="-96.71756079420447">
        <ele>220.8</ele>
      </trkpt>
      <trkpt lat="33.18155433051288" lon="-96.71761812642217">
        <ele>220.6</ele>
      </trkpt>
      <trkpt lat="33.18144352175295" lon="-96.71773781999946">
        <ele>220.4</ele>
      </trkpt>
      <trkpt lat="33.181370850652456" lon="-96.71782465651631">
        <ele>220.4</ele>
      </trkpt>
      <trkpt lat="33.18124797195196" lon="-96.71792314387858">
        <ele>220.4</ele>
      </trkpt>
      <trkpt lat="33.181227184832096" lon="-96.71794024296105">
        <ele>220.4</ele>
      </trkpt>
      <trkpt lat="33.181128948926926" lon="-96.71806387603283">
        <ele>220.4</ele>
      </trkpt>
      <trkpt lat="33.18111545406282" lon="-96.7180878482759">
        <ele>220.6</ele>
      </trkpt>
      <trkpt lat="33.181034652516246" lon="-96.71821692958474">
        <ele>221.0</ele>
      </trkpt>
      <trkpt lat="33.18101235665381" lon="-96.718230843544">
        <ele>221.0</ele>
      </trkpt>
      <trkpt lat="33.18087497726083" lon="-96.71828423626721">
        <ele>221.0</ele>
      </trkpt>
      <trkpt lat="33.1807451415807" lon="-96.71838004142046">
        <ele>221.2</ele>
      </trkpt>
      <trkpt lat="33.18072360008955" lon="-96.7184004932642">
        <ele>221.2</ele>
      </trkpt>
      <trkpt lat="33.18060088902712" lon="-96.71851951628923">
        <ele>220.8</ele>
      </trkpt>
      <trkpt lat="33.18049251101911" lon="-96.71861766837537">
        <ele>220.8</ele>
      </trkpt>
      <trkpt lat="33.180366195738316" lon="-96.71872638165951">
        <ele>221.0</ele>
      </trkpt>
      <trkpt lat="33.18033384159207" lon="-96.7187633458525">
        <ele>221.2</ele>
      </trkpt>
      <trkpt lat="33.180231833830476" lon="-96.71887046657503">
        <ele>221.6</ele>
      </trkpt>
      <trkpt lat="33.18017232231796" lon="-96.71893232502043">
        <ele>221.6</ele>
      </trkpt>
      <trkpt lat="33.18003603257239" lon="-96.71900172717869">
        <ele>221.6</ele>
      </trkpt>
      <trkpt lat="33.18001180887222" lon="-96.71901321038604">
        <ele>221.4</ele>
      </trkpt>
      <trkpt lat="33.179882476106286" lon="-96.71911287121475">
        <ele>221.4</ele>
      </trkpt>
      <trkpt lat="33.179861940443516" lon="-96.71912980265915">
        <ele>221.4</ele>
      </trkpt>
      <trkpt lat="33.1797366309911" lon="-96.71922829002142">
        <ele>221.4</ele>
      </trkpt>
      <trkpt lat="33.17969564348459" lon="-96.71926592476666">
        <ele>221.4</ele>
      </trkpt>
      <trkpt lat="33.17956656217575" lon="-96.71937639825046">
        <ele>221.4</ele>
      </trkpt>
      <trkpt lat="33.17948332987726" lon="-96.71944797970355">
        <ele>221.6</ele>
      </trkpt>
      <trkpt lat="33.17936070263386" lon="-96.71955811791122">
        <ele>221.6</ele>
      </trkpt>
      <trkpt lat="33.17932189442217" lon="-96.71959223225713">
        <ele>221.6</ele>
      </trkpt>
      <trkpt lat="33.17921854555607" lon="-96.71966808848083">
        <ele>222.0</ele>
      </trkpt>
      <trkpt lat="33.17911645397544" lon="-96.71973866410553">
        <ele>222.0</ele>
      </trkpt>
      <trkpt lat="33.179002879187465" lon="-96.7198374029249">
        <ele>221.6</ele>
      </trkpt>
      <trkpt lat="33.178937835618854" lon="-96.71991845592856">
        <ele>221.6</ele>
      </trkpt>
      <trkpt lat="33.17882526665926" lon="-96.71999473124743">
        <ele>222.0</ele>
      </trkpt>
      <trkpt lat="33.17868738435209" lon="-96.72008223831654">
        <ele>222.0</ele>
      </trkpt>
      <trkpt lat="33.178641283884645" lon="-96.72011098824441">
        <ele>222.0</ele>
      </trkpt>
      <trkpt lat="33.17850658670068" lon="-96.72020754776895">
        <ele>222.4</ele>
      </trkpt>
      <trkpt lat="33.178461492061615" lon="-96.72023789025843">
        <ele>222.4</ele>
      </trkpt>
      <trkpt lat="33.1783327460289" lon="-96.72033319249749">
        <ele>222.8</ele>
      </trkpt>
      <trkpt lat="33.17821900360286" lon="-96.72041181474924">
        <ele>223.0</ele>
      </trkpt>
      <trkpt lat="33.17819654010236" lon="-96.72042723745108">
        <ele>223.0</ele>
      </trkpt>
      <trkpt lat="33.17808740772307" lon="-96.72050426714122">
        <ele>223.0</ele>
      </trkpt>
      <trkpt lat="33.17795103415847" lon="-96.72059177421033">
        <ele>223.2</ele>
      </trkpt>
      <trkpt lat="33.17792915739119" lon="-96.72060635872185">
        <ele>223.2</ele>
      </trkpt>
      <trkpt lat="33.17784232087433" lon="-96.72066628932953">
        <ele>223.2</ele>
      </trkpt>
      <trkpt lat="33.17782010883093" lon="-96.72068028710783">
        <ele>223.4</ele>
      </trkpt>
      <trkpt lat="33.17779823206365" lon="-96.72069470398128">
        <ele>223.4</ele>
      </trkpt>
      <trkpt lat="33.177776942029595" lon="-96.72071021050215">
        <ele>223.6</ele>
      </trkpt>
      <trkpt lat="33.17775565199554" lon="-96.72072387300432">
        <ele>223.4</ele>
      </trkpt>
      <trkpt lat="33.177734361961484" lon="-96.72073669731617">
        <ele>223.4</ele>
      </trkpt>
      <trkpt lat="33.1777127366513" lon="-96.72074901871383">
        <ele>223.4</ele>
      </trkpt>
      <trkpt lat="33.177691446617246" lon="-96.72076167538762">
        <ele>223.4</ele>
      </trkpt>
      <trkpt lat="33.177669653669" lon="-96.72077558934689">
        <ele>223.4</ele>
      </trkpt>
      <trkpt lat="33.17764727398753" lon="-96.72079050913453">
        <ele>223.4</ele>
      </trkpt>
      <trkpt lat="33.17753981798887" lon="-96.72086661681533">
        <ele>223.2</ele>
      </trkpt>
      <trkpt lat="33.17742716521025" lon="-96.7209806945175">
        <ele>223.2</ele>
      </trkpt>
      <trkpt lat="33.17740763537586" lon="-96.72099477611482">
        <ele>223.2</ele>
      </trkpt>
      <trkpt lat="33.17727050743997" lon="-96.721056047827">
        <ele>223.0</ele>
      </trkpt>
      <trkpt lat="33.1772499717772" lon="-96.72107800841331">
        <ele>223.0</ele>
      </trkpt>
      <trkpt lat="33.17721510306001" lon="-96.72116710804403">
        <ele>222.8</ele>
      </trkpt>
      <trkpt lat="33.17719339393079" lon="-96.72133943997324">
        <ele>222.6</ele>
      </trkpt>
      <trkpt lat="33.177200350910425" lon="-96.72136768698692">
        <ele>222.6</ele>
      </trkpt>
      <trkpt lat="33.17722105421126" lon="-96.72141789458692">
        <ele>222.6</ele>
      </trkpt>
      <trkpt lat="33.17726665176451" lon="-96.72151495702565">
        <ele>222.6</ele>
      </trkpt>
      <trkpt lat="33.17733387462795" lon="-96.72165904194117">
        <ele>222.4</ele>
      </trkpt>
      <trkpt lat="33.1773691624403" lon="-96.72173079103231">
        <ele>222.2</ele>
      </trkpt>
      <trkpt lat="33.17740621045232" lon="-96.72180287539959">
        <ele>222.0</ele>
      </trkpt>
      <trkpt lat="33.17748248577118" lon="-96.72193656675518">
        <ele>221.8</ele>
      </trkpt>
      <trkpt lat="33.177567813545465" lon="-96.72207444906235">
        <ele>221.8</ele>
      </trkpt>
      <trkpt lat="33.17759580910206" lon="-96.72212180681527">
        <ele>221.8</ele>
      </trkpt>
      <trkpt lat="33.17768298089504" lon="-96.7222619522363">
        <ele>221.4</ele>
      </trkpt>
      <trkpt lat="33.17771424539387" lon="-96.72230511903763">
        <ele>221.6</ele>
      </trkpt>
      <trkpt lat="33.17780988290906" lon="-96.72244040295482">
        <ele>221.4</ele>
      </trkpt>
      <trkpt lat="33.17785933613777" lon="-96.72250620089471">
        <ele>221.4</ele>
      </trkpt>
      <trkpt lat="33.177966037765145" lon="-96.72263192944229">
        <ele>220.8</ele>
      </trkpt>
      <trkpt lat="33.17801699973643" lon="-96.72269278205931">
        <ele>220.8</ele>
      </trkpt>
      <trkpt lat="33.17812663502991" lon="-96.72281985171139">
        <ele>221.0</ele>
      </trkpt>
      <trkpt lat="33.17816267721355" lon="-96.72286377288401">
        <ele>221.0</ele>
      </trkpt>
      <trkpt lat="33.17826585844159" lon="-96.72298145480454">
        <ele>221.0</ele>
      </trkpt>
      <trkpt lat="33.17830407992005" lon="-96.72302830964327">
        <ele>221.0</ele>
      </trkpt>
      <trkpt lat="33.1784278806299" lon="-96.72315487638116">
        <ele>220.6</ele>
      </trkpt>
      <trkpt lat="33.17848605103791" lon="-96.72322595492005">
        <ele>220.6</ele>
      </trkpt>
      <trkpt lat="33.17860197275877" lon="-96.72334690578282">
        <ele>220.4</ele>
      </trkpt>
      <trkpt lat="33.17864840850234" lon="-96.72337322495878">
        <ele>220.0</ele>
      </trkpt>
      <trkpt lat="33.17871378734708" lon="-96.72340264543891">
        <ele>219.8</ele>
      </trkpt>
      <trkpt lat="33.178807413205504" lon="-96.72344799153507">
        <ele>219.6</ele>
      </trkpt>
      <trkpt lat="33.17893582396209" lon="-96.72353809699416">
        <ele>219.4</ele>
      </trkpt>
      <trkpt lat="33.179031712934375" lon="-96.72358411364257">
        <ele>219.2</ele>
      </trkpt>
      <trkpt lat="33.17915299907327" lon="-96.72363365069032">
        <ele>219.0</ele>
      </trkpt>
      <trkpt lat="33.17917454056442" lon="-96.72363918274641">
        <ele>219.0</ele>
      </trkpt>
      <trkpt lat="33.17923958413303" lon="-96.72364940866828">
        <ele>218.8</ele>
      </trkpt>
      <trkpt lat="33.17936573177576" lon="-96.72366131097078">
        <ele>218.6</ele>
      </trkpt>
      <trkpt lat="33.17952515557408" lon="-96.72365359961987">
        <ele>218.6</ele>
      </trkpt>
      <trkpt lat="33.17955222912133" lon="-96.72365066595376">
        <ele>218.6</ele>
      </trkpt>
      <trkpt lat="33.179721627384424" lon="-96.72364261932671">
        <ele>219.0</ele>
      </trkpt>
      <trkpt lat="33.17983025684953" lon="-96.72364270314574">
        <ele>218.8</ele>
      </trkpt>
      <trkpt lat="33.17998465150595" lon="-96.7236484028399">
        <ele>218.6</ele>
      </trkpt>
      <trkpt lat="33.180110631510615" lon="-96.72365376725793">
        <ele>218.6</ele>
      </trkpt>
      <trkpt lat="33.18026972003281" lon="-96.7236465588212">
        <ele>218.8</ele>
      </trkpt>
      <trkpt lat="33.18038019351661" lon="-96.72364991158247">
        <ele>219.0</ele>
      </trkpt>
      <trkpt lat="33.18053190596402" lon="-96.72364580444992">
        <ele>219.0</ele>
      </trkpt>
      <trkpt lat="33.180632907897234" lon="-96.72363432124257">
        <ele>219.2</ele>
      </trkpt>
      <trkpt lat="33.18078084848821" lon="-96.72362376004457">
        <ele>219.2</ele>
      </trkpt>
      <trkpt lat="33.18083005025983" lon="-96.72361831180751">
        <ele>219.2</ele>
      </trkpt>
      <trkpt lat="33.180980421602726" lon="-96.7236013803631">
        <ele>219.4</ele>
      </trkpt>
      <trkpt lat="33.181010680273175" lon="-96.72359811142087">
        <ele>219.4</ele>
      </trkpt>
      <trkpt lat="33.18106256425381" lon="-96.72359559684992">
        <ele>219.8</ele>
      </trkpt>
      <trkpt lat="33.18120488896966" lon="-96.72359098680317">
        <ele>220.4</ele>
      </trkpt>
      <trkpt lat="33.18135769106448" lon="-96.72358696348965">
        <ele>220.2</ele>
      </trkpt>
      <trkpt lat="33.18146103993058" lon="-96.72358243726194">
        <ele>220.4</ele>
      </trkpt>
      <trkpt lat="33.18160797469318" lon="-96.72357631847262">
        <ele>220.8</ele>
      </trkpt>
      <trkpt lat="33.18168274126947" lon="-96.72357992269099">
        <ele>221.2</ele>
      </trkpt>
      <trkpt lat="33.1818329449743" lon="-96.72356341034174">
        <ele>221.4</ele>
      </trkpt>
      <trkpt lat="33.18188306875527" lon="-96.72356374561787">
        <ele>221.4</ele>
      </trkpt>
      <trkpt lat="33.18203737959266" lon="-96.72356399707496">
        <ele>221.8</ele>
      </trkpt>
      <trkpt lat="33.18206294439733" lon="-96.72356626018882">
        <ele>221.8</ele>
      </trkpt>
      <trkpt lat="33.18216570653021" lon="-96.72356558963656">
        <ele>221.8</ele>
      </trkpt>
      <trkpt lat="33.18226813338697" lon="-96.72355812974274">
        <ele>222.2</ele>
      </trkpt>
      <trkpt lat="33.182418923825026" lon="-96.72353650443256">
        <ele>222.8</ele>
      </trkpt>
      <trkpt lat="33.18244398571551" lon="-96.72353021800518">
        <ele>223.2</ele>
      </trkpt>
      <trkpt lat="33.182469215244055" lon="-96.72352191992104">
        <ele>223.4</ele>
      </trkpt>
      <trkpt lat="33.182618748396635" lon="-96.72346198931336">
        <ele>223.4</ele>
      </trkpt>
      <trkpt lat="33.18269586190581" lon="-96.72342636622488">
        <ele>223.4</ele>
      </trkpt>
      <trkpt lat="33.1828451436013" lon="-96.7233584728092">
        <ele>223.8</ele>
      </trkpt>
      <trkpt lat="33.182914797216654" lon="-96.72332310117781">
        <ele>224.2</ele>
      </trkpt>
      <trkpt lat="33.18296240642667" lon="-96.72329837456346">
        <ele>224.4</ele>
      </trkpt>
      <trkpt lat="33.183089811354876" lon="-96.72321237623692">
        <ele>224.8</ele>
      </trkpt>
      <trkpt lat="33.1831334810704" lon="-96.72317516058683">
        <ele>224.8</ele>
      </trkpt>
      <trkpt lat="33.18326013162732" lon="-96.72306007705629">
        <ele>225.2</ele>
      </trkpt>
      <trkpt lat="33.18332081660628" lon="-96.72300308011472">
        <ele>225.2</ele>
      </trkpt>
      <trkpt lat="33.18334151990712" lon="-96.72298128716648">
        <ele>225.4</ele>
      </trkpt>
      <trkpt lat="33.1834477186203" lon="-96.72285329550505">
        <ele>225.4</ele>
      </trkpt>
      <trkpt lat="33.18346448242664" lon="-96.7228299099952">
        <ele>225.4</ele>
      </trkpt>
      <trkpt lat="33.18356405943632" lon="-96.72269898466766">
        <ele>225.6</ele>
      </trkpt>
      <trkpt lat="33.18364134058356" lon="-96.72257862053812">
        <ele>225.8</ele>
      </trkpt>
      <trkpt lat="33.183734798803926" lon="-96.72244233079255">
        <ele>225.6</ele>
      </trkpt>
      <trkpt lat="33.18376790732145" lon="-96.72237502411008">
        <ele>225.6</ele>
      </trkpt>
      <trkpt lat="33.18385826423764" lon="-96.72223110683262">
        <ele>225.8</ele>
      </trkpt>
      <trkpt lat="33.18388902582228" lon="-96.72218668274581">
        <ele>225.8</ele>
      </trkpt>
      <trkpt lat="33.183985501527786" lon="-96.72205341048539">
        <ele>225.8</ele>
      </trkpt>
      <trkpt lat="33.1840347032994" lon="-96.721983673051">
        <ele>225.8</ele>
      </trkpt>
      <trkpt lat="33.184123300015926" lon="-96.72183472663164">
        <ele>225.8</ele>
      </trkpt>
      <trkpt lat="33.184152049943805" lon="-96.72179248183966">
        <ele>225.6</ele>
      </trkpt>
      <trkpt lat="33.184241484850645" lon="-96.72164345160127">
        <ele>225.2</ele>
      </trkpt>
      <trkpt lat="33.184281047433615" lon="-96.72159969806671">
        <ele>225.4</ele>
      </trkpt>
      <trkpt lat="33.18437802605331" lon="-96.7214514221996">
        <ele>225.6</ele>
      </trkpt>
      <trkpt lat="33.18447919562459" lon="-96.72131010331213">
        <ele>225.4</ele>
      </trkpt>
      <trkpt lat="33.184535689651966" lon="-96.72124598175287">
        <ele>225.2</ele>
      </trkpt>
      <trkpt lat="33.18464046344161" lon="-96.7211255338043">
        <ele>225.2</ele>
      </trkpt>
      <trkpt lat="33.18473534658551" lon="-96.72102645970881">
        <ele>225.0</ele>
      </trkpt>
      <trkpt lat="33.18484070710838" lon="-96.72088656574488">
        <ele>224.8</ele>
      </trkpt>
      <trkpt lat="33.18489158526063" lon="-96.72082361765206">
        <ele>225.0</ele>
      </trkpt>
      <trkpt lat="33.1850191578269" lon="-96.72070048749447">
        <ele>225.4</ele>
      </trkpt>
      <trkpt lat="33.18504069931805" lon="-96.72068045474589">
        <ele>225.4</ele>
      </trkpt>
      <trkpt lat="33.18516416475177" lon="-96.72058917582035">
        <ele>225.2</ele>
      </trkpt>
      <trkpt lat="33.185183107852936" lon="-96.72057257965207">
        <ele>225.2</ele>
      </trkpt>
      <trkpt lat="33.185309171676636" lon="-96.72047040425241">
        <ele>225.2</ele>
      </trkpt>
      <trkpt lat="33.18535376340151" lon="-96.72043679282069">
        <ele>225.2</ele>
      </trkpt>
      <trkpt lat="33.18548234179616" lon="-96.72034132294357">
        <ele>225.4</ele>
      </trkpt>
      <trkpt lat="33.18557378835976" lon="-96.72029111534357">
        <ele>225.2</ele>
      </trkpt>
      <trkpt lat="33.1856962479651" lon="-96.72021416947246">
        <ele>224.8</ele>
      </trkpt>
      <trkpt lat="33.18574419245124" lon="-96.72021391801536">
        <ele>224.8</ele>
      </trkpt>
      <trkpt lat="33.185842176899314" lon="-96.72029756940901">
        <ele>225.0</ele>
      </trkpt>
      <trkpt lat="33.18593286909163" lon="-96.72044006176293">
        <ele>224.8</ele>
      </trkpt>
      <trkpt lat="33.18594745360315" lon="-96.72046361491084">
        <ele>224.8</ele>
      </trkpt>
      <trkpt lat="33.185977041721344" lon="-96.72050954774022">
        <ele>224.8</ele>
      </trkpt>
      <trkpt lat="33.18605951964855" lon="-96.72064357437193">
        <ele>224.6</ele>
      </trkpt>
      <trkpt lat="33.18608826957643" lon="-96.72068858519197">
        <ele>224.6</ele>
      </trkpt>
      <trkpt lat="33.18613646551967" lon="-96.72076226212084">
        <ele>224.2</ele>
      </trkpt>
      <trkpt lat="33.18622816354036" lon="-96.72089167870581">
        <ele>224.2</ele>
      </trkpt>
      <trkpt lat="33.186339139938354" lon="-96.72103115357459">
        <ele>223.6</ele>
      </trkpt>
      <trkpt lat="33.18639446049929" lon="-96.72109443694353">
        <ele>223.2</ele>
      </trkpt>
      <trkpt lat="33.18650350905955" lon="-96.72121848911047">
        <ele>223.2</ele>
      </trkpt>
      <trkpt lat="33.18652111105621" lon="-96.7212362587452">
        <ele>223.2</ele>
      </trkpt>
      <trkpt lat="33.18663259036839" lon="-96.72135561704636">
        <ele>223.0</ele>
      </trkpt>
      <trkpt lat="33.18667206913233" lon="-96.72139367088675">
        <ele>222.8</ele>
      </trkpt>
      <trkpt lat="33.186824368312955" lon="-96.72152266837656">
        <ele>222.8</ele>
      </trkpt>
      <trkpt lat="33.18693358451128" lon="-96.72161889262497">
        <ele>223.0</ele>
      </trkpt>
      <trkpt lat="33.18704104050994" lon="-96.72171084210277">
        <ele>223.0</ele>
      </trkpt>
      <trkpt lat="33.187145898118615" lon="-96.72179650515318">
        <ele>222.8</ele>
      </trkpt>
      <trkpt lat="33.1872555334121" lon="-96.72191661782563">
        <ele>223.0</ele>
      </trkpt>
      <trkpt lat="33.18728193640709" lon="-96.72197730280459">
        <ele>223.0</ele>
      </trkpt>
      <trkpt lat="33.18733868189156" lon="-96.722057685256">
        <ele>223.2</ele>
      </trkpt>
      <trkpt lat="33.18738671019673" lon="-96.72208685427904">
        <ele>223.2</ele>
      </trkpt>
      <trkpt lat="33.18747949786484" lon="-96.7221940588206">
        <ele>223.2</ele>
      </trkpt>
      <trkpt lat="33.18752132356167" lon="-96.72222758643329">
        <ele>223.4</ele>
      </trkpt>
      <trkpt lat="33.18758242763579" lon="-96.72231727279723">
        <ele>223.4</ele>
      </trkpt>
      <trkpt lat="33.18771092221141" lon="-96.72240503132343">
        <ele>223.2</ele>
      </trkpt>
      <trkpt lat="33.18781024776399" lon="-96.72255515120924">
        <ele>223.2</ele>
      </trkpt>
      <trkpt lat="33.18790211342275" lon="-96.72268758527935">
        <ele>223.2</ele>
      </trkpt>
      <trkpt lat="33.18793530575931" lon="-96.72273393720388">
        <ele>223.2</ele>
      </trkpt>
      <trkpt lat="33.18803463131189" lon="-96.72287072986364">
        <ele>223.2</ele>
      </trkpt>
      <trkpt lat="33.18808416835964" lon="-96.7229419760406">
        <ele>223.4</ele>
      </trkpt>
      <trkpt lat="33.18816932849586" lon="-96.72305521555245">
        <ele>223.6</ele>
      </trkpt>
      <trkpt lat="33.188216937705874" lon="-96.72312369570136">
        <ele>223.6</ele>
      </trkpt>
      <trkpt lat="33.1883155927062" lon="-96.72325252555311">
        <ele>224.2</ele>
      </trkpt>
      <trkpt lat="33.18833311088383" lon="-96.72327381558716">
        <ele>224.2</ele>
      </trkpt>
      <trkpt lat="33.18842749111354" lon="-96.72340909950435">
        <ele>224.8</ele>
      </trkpt>
      <trkpt lat="33.1884400639683" lon="-96.72343097627163">
        <ele>224.8</ele>
      </trkpt>
      <trkpt lat="33.18853058852255" lon="-96.72355268150568">
        <ele>225.0</ele>
      </trkpt>
      <trkpt lat="33.18854617886245" lon="-96.72357665374875">
        <ele>225.0</ele>
      </trkpt>
      <trkpt lat="33.188618179410696" lon="-96.72366759739816">
        <ele>225.0</ele>
      </trkpt>
      <trkpt lat="33.18865799345076" lon="-96.72374571673572">
        <ele>225.0</ele>
      </trkpt>
      <trkpt lat="33.188735358417034" lon="-96.7239007819444">
        <ele>225.0</ele>
      </trkpt>
      <trkpt lat="33.188772574067116" lon="-96.72398384660482">
        <ele>225.0</ele>
      </trkpt>
      <trkpt lat="33.1888216920197" lon="-96.72408979386091">
        <ele>225.2</ele>
      </trkpt>
      <trkpt lat="33.188861925154924" lon="-96.72416699118912">
        <ele>225.4</ele>
      </trkpt>
      <trkpt lat="33.188928393647075" lon="-96.72433789819479">
        <ele>225.4</ele>
      </trkpt>
      <trkpt lat="33.18894641473889" lon="-96.72439254820347">
        <ele>225.4</ele>
      </trkpt>
      <trkpt lat="33.189005674794316" lon="-96.72455155290663">
        <ele>225.6</ele>
      </trkpt>
      <trkpt lat="33.18903559818864" lon="-96.72463227063417">
        <ele>225.8</ele>
      </trkpt>
      <trkpt lat="33.189097540453076" lon="-96.72480150125921">
        <ele>225.8</ele>
      </trkpt>
      <trkpt lat="33.189122937619686" lon="-96.7248865775764">
        <ele>226.0</ele>
      </trkpt>
      <trkpt lat="33.189164930954576" lon="-96.72505815513432">
        <ele>226.2</ele>
      </trkpt>
      <trkpt lat="33.18919435143471" lon="-96.72517575323582">
        <ele>226.0</ele>
      </trkpt>
      <trkpt lat="33.18926190957427" lon="-96.72534682787955">
        <ele>226.0</ele>
      </trkpt>
      <trkpt lat="33.18930038250983" lon="-96.72538932412863">
        <ele>226.0</ele>
      </trkpt>
      <trkpt lat="33.189421417191625" lon="-96.72541799023747">
        <ele>225.6</ele>
      </trkpt>
      <trkpt lat="33.18956877104938" lon="-96.72535705380142">
        <ele>225.4</ele>
      </trkpt>
      <trkpt lat="33.18959324620664" lon="-96.7253490909934">
        <ele>225.2</ele>
      </trkpt>
      <trkpt lat="33.189729787409306" lon="-96.72530550509691">
        <ele>225.0</ele>
      </trkpt>
      <trkpt lat="33.189776223152876" lon="-96.72529150731862">
        <ele>224.8</ele>
      </trkpt>
      <trkpt lat="33.18991569802165" lon="-96.72525538131595">
        <ele>224.6</ele>
      </trkpt>
      <trkpt lat="33.18998987786472" lon="-96.72524146735668">
        <ele>224.2</ele>
      </trkpt>
      <trkpt lat="33.19013622589409" lon="-96.72520391643047">
        <ele>223.6</ele>
      </trkpt>
      <trkpt lat="33.19025684148073" lon="-96.72517734579742">
        <ele>223.2</ele>
      </trkpt>
      <trkpt lat="33.1902808137238" lon="-96.72517256811261">
        <ele>223.2</ele>
      </trkpt>
      <trkpt lat="33.1904261559248" lon="-96.72516217455268">
        <ele>223.0</ele>
      </trkpt>
      <trkpt lat="33.190451888367534" lon="-96.72515806742013">
        <ele>223.0</ele>
      </trkpt>
      <trkpt lat="33.19060016423464" lon="-96.72513057477772">
        <ele>222.4</ele>
      </trkpt>
      <trkpt lat="33.19067794829607" lon="-96.7251228634268">
        <ele>222.4</ele>
      </trkpt>
      <trkpt lat="33.19083611480892" lon="-96.72511012293398">
        <ele>222.4</ele>
      </trkpt>
      <trkpt lat="33.190921526402235" lon="-96.72510241158307">
        <ele>222.2</ele>
      </trkpt>
      <trkpt lat="33.19099880754948" lon="-96.72510241158307">
        <ele>222.2</ele>
      </trkpt>
      <trkpt lat="33.19114834070206" lon="-96.72511766664684">
        <ele>221.8</ele>
      </trkpt>
      <trkpt lat="33.191301142796874" lon="-96.72513350844383">
        <ele>221.4</ele>
      </trkpt>
      <trkpt lat="33.1913741491735" lon="-96.72514339908957">
        <ele>221.2</ele>
      </trkpt>
      <trkpt lat="33.19151630625129" lon="-96.7251664493233">
        <ele>221.2</ele>
      </trkpt>
      <trkpt lat="33.191539105027914" lon="-96.7251714784652">
        <ele>221.0</ele>
      </trkpt>
      <trkpt lat="33.191587468609214" lon="-96.72517801634967">
        <ele>221.0</ele>
      </trkpt>
      <trkpt lat="33.19174136035144" lon="-96.72519301995635">
        <ele>221.2</ele>
      </trkpt>
      <trkpt lat="33.191815707832575" lon="-96.72520944848657">
        <ele>221.0</ele>
      </trkpt>
      <trkpt lat="33.19196314550936" lon="-96.72524984925985">
        <ele>221.0</ele>
      </trkpt>
      <trkpt lat="33.192069344222546" lon="-96.72528094612062">
        <ele>220.8</ele>
      </trkpt>
      <trkpt lat="33.19221502169967" lon="-96.72533852979541">
        <ele>220.6</ele>
      </trkpt>
      <trkpt lat="33.19235969334841" lon="-96.72539695166051">
        <ele>220.4</ele>
      </trkpt>
      <trkpt lat="33.192461198195815" lon="-96.72543123364449">
        <ele>220.6</ele>
      </trkpt>
      <trkpt lat="33.19261827506125" lon="-96.72547280788422">
        <ele>220.4</ele>
      </trkpt>
      <trkpt lat="33.19266781210899" lon="-96.72549451701343">
        <ele>220.2</ele>
      </trkpt>
      <trkpt lat="33.19280971772969" lon="-96.72556433826685">
        <ele>220.2</ele>
      </trkpt>
      <trkpt lat="33.192900493741035" lon="-96.72561127692461">
        <ele>220.2</ele>
      </trkpt>
      <trkpt lat="33.19294827058911" lon="-96.72564011067152">
        <ele>220.0</ele>
      </trkpt>
      <trkpt lat="33.19308112375438" lon="-96.72572443261743">
        <ele>220.2</ele>
      </trkpt>
      <trkpt lat="33.193125044927" lon="-96.72575955279171">
        <ele>220.2</ele>
      </trkpt>
      <trkpt lat="33.193258568644524" lon="-96.72585007734597">
        <ele>220.0</ele>
      </trkpt>
      <trkpt lat="33.19329855032265" lon="-96.7258813418448">
        <ele>220.0</ele>
      </trkpt>
      <trkpt lat="33.193428218364716" lon="-96.72597697935998">
        <ele>220.6</ele>
      </trkpt>
      <trkpt lat="33.19347054697573" lon="-96.72601050697267">
        <ele>220.6</ele>
      </trkpt>
      <trkpt lat="33.19358881562948" lon="-96.72610178589821">
        <ele>220.8</ele>
      </trkpt>
      <trkpt lat="33.193643214181066" lon="-96.72615174204111">
        <ele>220.6</ele>
      </trkpt>
      <trkpt lat="33.19376131519675" lon="-96.7262574378401">
        <ele>220.8</ele>
      </trkpt>
      <trkpt lat="33.193801464512944" lon="-96.7262954916805">
        <ele>221.0</ele>
      </trkpt>
      <trkpt lat="33.19381998851895" lon="-96.72631585970521">
        <ele>221.0</ele>
      </trkpt>
      <trkpt lat="33.193911015987396" lon="-96.72643010504544">
        <ele>221.4</ele>
      </trkpt>
      <trkpt lat="33.19392719306052" lon="-96.72644737176597">
        <ele>221.4</ele>
      </trkpt>
      <trkpt lat="33.19403280504048" lon="-96.72656027600169">
        <ele>221.6</ele>
      </trkpt>
      <trkpt lat="33.19407094269991" lon="-96.72659799456596">
        <ele>221.6</ele>
      </trkpt>
      <trkpt lat="33.19418183527887" lon="-96.7267151735723">
        <ele>221.6</ele>
      </trkpt>
      <trkpt lat="33.19423011504114" lon="-96.72677326016128">
        <ele>222.0</ele>
      </trkpt>
      <trkpt lat="33.19424679502845" lon="-96.72679538838565">
        <ele>222.0</ele>
      </trkpt>
      <trkpt lat="33.19434184581041" lon="-96.72692757099867">
        <ele>222.2</ele>
      </trkpt>
      <trkpt lat="33.19443899206817" lon="-96.72705656848848">
        <ele>222.6</ele>
      </trkpt>
      <trkpt lat="33.19448811002076" lon="-96.72713275998831">
        <ele>222.8</ele>
      </trkpt>
      <trkpt lat="33.194563714787364" lon="-96.72727852128446">
        <ele>223.0</ele>
      </trkpt>
      <trkpt lat="33.194577461108565" lon="-96.72730718739331">
        <ele>223.0</ele>
      </trkpt>
      <trkpt lat="33.19460126571357" lon="-96.72736527398229">
        <ele>223.0</ele>
      </trkpt>
      <trkpt lat="33.19466379471123" lon="-96.72749435529113">
        <ele>223.2</ele>
      </trkpt>
      <trkpt lat="33.194733364507556" lon="-96.72765176743269">
        <ele>223.4</ele>
      </trkpt>
      <trkpt lat="33.194755744189024" lon="-96.72770482487977">
        <ele>223.6</ele>
      </trkpt>
      <trkpt lat="33.19482036866248" lon="-96.72787338495255">
        <ele>224.2</ele>
      </trkpt>
      <trkpt lat="33.19486613385379" lon="-96.72797480598092">
        <ele>224.2</ele>
      </trkpt>
      <trkpt lat="33.19493595510721" lon="-96.72812392003834">
        <ele>224.8</ele>
      </trkpt>
      <trkpt lat="33.19495406001806" lon="-96.72817949205637">
        <ele>225.0</ele>
      </trkpt>
      <trkpt lat="33.19500762037933" lon="-96.7283439449966">
        <ele>225.2</ele>
      </trkpt>
      <trkpt lat="33.19502052851021" lon="-96.72839683480561">
        <ele>225.4</ele>
      </trkpt>
      <trkpt lat="33.19507593289018" lon="-96.72856061719358">
        <ele>226.0</ele>
      </trkpt>
      <trkpt lat="33.19510250352323" lon="-96.72864653170109">
        <ele>226.2</ele>
      </trkpt>
      <trkpt lat="33.19511231034994" lon="-96.72867410816252">
        <ele>226.2</ele>
      </trkpt>
      <trkpt lat="33.19516159594059" lon="-96.72882649116218">
        <ele>226.8</ele>
      </trkpt>
      <trkpt lat="33.19517333060503" lon="-96.72888290137053">
        <ele>226.8</ele>
      </trkpt>
      <trkpt lat="33.195185232907534" lon="-96.7289616074413">
        <ele>227.2</ele>
      </trkpt>
      <trkpt lat="33.19519679993391" lon="-96.72907878644764">
        <ele>227.6</ele>
      </trkpt>
      <trkpt lat="33.195235189050436" lon="-96.72924910672009">
        <ele>227.4</ele>
      </trkpt>
      <trkpt lat="33.19525480270386" lon="-96.72936611808836">
        <ele>227.2</ele>
      </trkpt>
      <trkpt lat="33.195278607308865" lon="-96.72953962348402">
        <ele>227.0</ele>
      </trkpt>
      <trkpt lat="33.19528564810753" lon="-96.72959636896849">
        <ele>227.0</ele>
      </trkpt>
      <trkpt lat="33.19531205110252" lon="-96.72976576723158">
        <ele>227.2</ele>
      </trkpt>
      <trkpt lat="33.195314817130566" lon="-96.72982175834477">
        <ele>227.0</ele>
      </trkpt>
      <trkpt lat="33.195326467975974" lon="-96.72999375499785">
        <ele>227.2</ele>
      </trkpt>
      <trkpt lat="33.195324540138245" lon="-96.73008277080953">
        <ele>227.2</ele>
      </trkpt>
      <trkpt lat="33.19532085210085" lon="-96.7302584555">
        <ele>227.0</ele>
      </trkpt>
      <trkpt lat="33.195321606472135" lon="-96.73037747852504">
        <ele>226.8</ele>
      </trkpt>
      <trkpt lat="33.19532127119601" lon="-96.73056322149932">
        <ele>226.8</ele>
      </trkpt>
      <trkpt lat="33.195334766060114" lon="-96.7306252475828">
        <ele>226.8</ele>
      </trkpt>
      <trkpt lat="33.19544800557196" lon="-96.73076363280416">
        <ele>226.8</ele>
      </trkpt>
      <trkpt lat="33.1954977940768" lon="-96.73079146072268">
        <ele>226.8</ele>
      </trkpt>
      <trkpt lat="33.19561053067446" lon="-96.7308113258332">
        <ele>226.8</ele>
      </trkpt>
      <trkpt lat="33.19578889757395" lon="-96.73080897890031">
        <ele>226.8</ele>
      </trkpt>
      <trkpt lat="33.195877242833376" lon="-96.73080369830132">
        <ele>226.8</ele>
      </trkpt>
      <trkpt lat="33.19600925780833" lon="-96.73079808242619">
        <ele>226.8</ele>
      </trkpt>
      <trkpt lat="33.196161640807986" lon="-96.73079749569297">
        <ele>226.6</ele>
      </trkpt>
      <trkpt lat="33.19624110125005" lon="-96.73079699277878">
        <ele>226.2</ele>
      </trkpt>
      <trkpt lat="33.19626775570214" lon="-96.73079531639814">
        <ele>226.2</ele>
      </trkpt>
      <trkpt lat="33.196420054882765" lon="-96.7307978309691">
        <ele>226.0</ele>
      </trkpt>
      <trkpt lat="33.19644629023969" lon="-96.73079984262586">
        <ele>225.8</ele>
      </trkpt>
      <trkpt lat="33.19660931825638" lon="-96.73080369830132">
        <ele>225.2</ele>
      </trkpt>
      <trkpt lat="33.196661956608295" lon="-96.73080570995808">
        <ele>225.2</ele>
      </trkpt>
      <trkpt lat="33.19677947089076" lon="-96.730802860111">
        <ele>225.2</ele>
      </trkpt>
      <trkpt lat="33.19685893133283" lon="-96.73081048764288">
        <ele>224.8</ele>
      </trkpt>
      <trkpt lat="33.19701408036053" lon="-96.73082473687828">
        <ele>224.4</ele>
      </trkpt>
      <trkpt lat="33.197096809744835" lon="-96.73082155175507">
        <ele>224.2</ele>
      </trkpt>
      <trkpt lat="33.197126314044" lon="-96.73081886954606">
        <ele>224.2</ele>
      </trkpt>
      <trkpt lat="33.19729235954583" lon="-96.73081208020449">
        <ele>223.6</ele>
      </trkpt>
      <trkpt lat="33.1973197683692" lon="-96.73081241548061">
        <ele>223.6</ele>
      </trkpt>
      <trkpt lat="33.19742739200592" lon="-96.73081409186125">
        <ele>223.0</ele>
      </trkpt>
      <trkpt lat="33.1976009812206" lon="-96.7308129183948">
        <ele>222.8</ele>
      </trkpt>
      <trkpt lat="33.19776250049472" lon="-96.73080772161484">
        <ele>222.0</ele>
      </trkpt>
      <trkpt lat="33.19784087128937" lon="-96.73079992644489">
        <ele>221.8</ele>
      </trkpt>
      <trkpt lat="33.197998870164156" lon="-96.73075759783387">
        <ele>221.4</ele>
      </trkpt>
      <trkpt lat="33.19808168336749" lon="-96.7307285964489">
        <ele>221.4</ele>
      </trkpt>
      <trkpt lat="33.198238257318735" lon="-96.73067436553538">
        <ele>221.4</ele>
      </trkpt>
      <trkpt lat="33.19829382933676" lon="-96.73064259812236">
        <ele>221.2</ele>
      </trkpt>
      <trkpt lat="33.19834210909903" lon="-96.73060647211969">
        <ele>221.0</ele>
      </trkpt>
      <trkpt lat="33.19846322759986" lon="-96.73052885569632">
        <ele>220.8</ele>
      </trkpt>
      <trkpt lat="33.19859515875578" lon="-96.73043724149466">
        <ele>220.6</ele>
      </trkpt>
      <trkpt lat="33.198618460446596" lon="-96.73041787929833">
        <ele>220.6</ele>
      </trkpt>
      <trkpt lat="33.198752738535404" lon="-96.73031318932772">
        <ele>220.4</ele>
      </trkpt>
      <trkpt lat="33.19879171438515" lon="-96.73027915880084">
        <ele>220.4</ele>
      </trkpt>
      <trkpt lat="33.19891769438982" lon="-96.73016265034676">
        <ele>220.2</ele>
      </trkpt>
      <trkpt lat="33.19898332469165" lon="-96.73010573722422">
        <ele>220.2</ele>
      </trkpt>
      <trkpt lat="33.199099162593484" lon="-96.73002267256379">
        <ele>220.0</ele>
      </trkpt>
      <trkpt lat="33.19918851368129" lon="-96.72994363121688">
        <ele>219.8</ele>
      </trkpt>
      <trkpt lat="33.19931642152369" lon="-96.72983676195145">
        <ele>219.6</ele>
      </trkpt>
      <trkpt lat="33.1994110532105" lon="-96.72977582551539">
        <ele>219.6</ele>
      </trkpt>
      <trkpt lat="33.199554132297635" lon="-96.72971757128835">
        <ele>219.2</ele>
      </trkpt>
      <trkpt lat="33.19960316643119" lon="-96.72970918938518">
        <ele>219.0</ele>
      </trkpt>
      <trkpt lat="33.199656810611486" lon="-96.72969770617783">
        <ele>218.8</ele>
      </trkpt>
      <trkpt lat="33.199790082871914" lon="-96.72970642335713">
        <ele>218.8</ele>
      </trkpt>
      <trkpt lat="33.19981464184821" lon="-96.7297095246613">
        <ele>218.8</ele>
      </trkpt>
      <trkpt lat="33.199945483356714" lon="-96.72971338033676">
        <ele>218.8</ele>
      </trkpt>
      <trkpt lat="33.200023770332336" lon="-96.72970357351005">
        <ele>218.4</ele>
      </trkpt>
      <trkpt lat="33.200181098654866" lon="-96.72971681691706">
        <ele>217.8</ele>
      </trkpt>
      <trkpt lat="33.20020414888859" lon="-96.72971572726965">
        <ele>217.8</ele>
      </trkpt>
      <trkpt lat="33.20030598901212" lon="-96.72972000204027">
        <ele>217.2</ele>
      </trkpt>
      <trkpt lat="33.20040984079242" lon="-96.7297306470573">
        <ele>216.8</ele>
      </trkpt>
      <trkpt lat="33.20054579526186" lon="-96.7297184932977">
        <ele>216.6</ele>
      </trkpt>
      <trkpt lat="33.20060254074633" lon="-96.72969678416848">
        <ele>216.4</ele>
      </trkpt>
      <trkpt lat="33.200771771371365" lon="-96.72967633232474">
        <ele>216.2</ele>
      </trkpt>
      <trkpt lat="33.20092750713229" lon="-96.72967365011573">
        <ele>216.4</ele>
      </trkpt>
      <trkpt lat="33.20098416879773" lon="-96.72967641614377">
        <ele>216.4</ele>
      </trkpt>
      <trkpt lat="33.20115029811859" lon="-96.72968111000955">
        <ele>216.4</ele>
      </trkpt>
      <trkpt lat="33.20120193064213" lon="-96.72967909835279">
        <ele>216.4</ele>
      </trkpt>
      <trkpt lat="33.201359594240785" lon="-96.72970550134778">
        <ele>216.6</ele>
      </trkpt>
      <trkpt lat="33.201408460736275" lon="-96.72971254214644">
        <ele>216.6</ele>
      </trkpt>
      <trkpt lat="33.20156319066882" lon="-96.72971086576581">
        <ele>216.8</ele>
      </trkpt>
      <trkpt lat="33.20158942602575" lon="-96.7297044955194">
        <ele>216.8</ele>
      </trkpt>
      <trkpt lat="33.20174256339669" lon="-96.729687564075">
        <ele>217.0</ele>
      </trkpt>
      <trkpt lat="33.20189100690186" lon="-96.72969988547266">
        <ele>217.2</ele>
      </trkpt>
      <trkpt lat="33.20205235853791" lon="-96.72969963401556">
        <ele>217.4</ele>
      </trkpt>
      <trkpt lat="33.20207700133324" lon="-96.72970432788134">
        <ele>217.4</ele>
      </trkpt>
      <trkpt lat="33.20222586393356" lon="-96.72971413470805">
        <ele>217.4</ele>
      </trkpt>
      <trkpt lat="33.20225176401436" lon="-96.72971790656447">
        <ele>217.4</ele>
      </trkpt>
      <trkpt lat="33.20240096189082" lon="-96.72969334758818">
        <ele>217.6</ele>
      </trkpt>
      <trkpt lat="33.20242510177195" lon="-96.72968932427466">
        <ele>217.6</ele>
      </trkpt>
      <trkpt lat="33.2025798317045" lon="-96.729682283476">
        <ele>217.8</ele>
      </trkpt>
      <trkpt lat="33.20260439068079" lon="-96.72967784106731">
        <ele>217.8</ele>
      </trkpt>
      <trkpt lat="33.202711176127195" lon="-96.72962964512408">
        <ele>218.0</ele>
      </trkpt>
      <trkpt lat="33.202863642945886" lon="-96.72959947027266">
        <ele>218.0</ele>
      </trkpt>
      <trkpt lat="33.202890045940876" lon="-96.7295868974179">
        <ele>218.0</ele>
      </trkpt>
      <trkpt lat="33.20304695516825" lon="-96.72954783774912">
        <ele>218.6</ele>
      </trkpt>
      <trkpt lat="33.20309976115823" lon="-96.72954641282558">
        <ele>219.0</ele>
      </trkpt>
      <trkpt lat="33.20325524546206" lon="-96.72954800538719">
        <ele>220.0</ele>
      </trkpt>
      <trkpt lat="33.203284749761224" lon="-96.72953367233276">
        <ele>220.0</ele>
      </trkpt>
      <trkpt lat="33.203358091413975" lon="-96.72945278696716">
        <ele>220.2</ele>
      </trkpt>
      <trkpt lat="33.20336161181331" lon="-96.72932026907802">
        <ele>220.4</ele>
      </trkpt>
      <trkpt lat="33.20334769785404" lon="-96.72912027686834">
        <ele>220.4</ele>
      </trkpt>
      <trkpt lat="33.20335096679628" lon="-96.72908708453178">
        <ele>220.4</ele>
      </trkpt>
      <trkpt lat="33.2033568341285" lon="-96.72889237292111">
        <ele>220.6</ele>
      </trkpt>
      <trkpt lat="33.2033497095108" lon="-96.72882682643831">
        <ele>220.4</ele>
      </trkpt>
      <trkpt lat="33.20334870368242" lon="-96.72864192165434">
        <ele>220.0</ele>
      </trkpt>
      <trkpt lat="33.20335205644369" lon="-96.7285823263228">
        <ele>220.2</ele>
      </trkpt>
      <trkpt lat="33.203375190496445" lon="-96.7283920571208">
        <ele>220.2</ele>
      </trkpt>
      <trkpt lat="33.20338482968509" lon="-96.72832584008574">
        <ele>220.2</ele>
      </trkpt>
      <trkpt lat="33.203398659825325" lon="-96.72813422977924">
        <ele>219.8</ele>
      </trkpt>
      <trkpt lat="33.203398156911135" lon="-96.72806943766773">
        <ele>219.8</ele>
      </trkpt>
      <trkpt lat="33.2034051977098" lon="-96.72787690535188">
        <ele>219.6</ele>
      </trkpt>
      <trkpt lat="33.20341005921364" lon="-96.72778277657926">
        <ele>219.6</ele>
      </trkpt>
      <trkpt lat="33.20340829901397" lon="-96.72759644687176">
        <ele>219.2</ele>
      </trkpt>
      <trkpt lat="33.20341349579394" lon="-96.72753492370248">
        <ele>219.4</ele>
      </trkpt>
      <trkpt lat="33.203416261821985" lon="-96.72735337167978">
        <ele>219.4</ele>
      </trkpt>
      <trkpt lat="33.20340972393751" lon="-96.72730048187077">
        <ele>219.4</ele>
      </trkpt>
      <trkpt lat="33.20341324433684" lon="-96.7271277308464">
        <ele>219.2</ele>
      </trkpt>
      <trkpt lat="33.20341517217457" lon="-96.72706520184875">
        <ele>219.2</ele>
      </trkpt>
      <trkpt lat="33.203414836898446" lon="-96.72686906531453">
        <ele>219.4</ele>
      </trkpt>
      <trkpt lat="33.20340754464269" lon="-96.72677334398031">
        <ele>219.4</ele>
      </trkpt>
      <trkpt lat="33.2033946365118" lon="-96.72658852301538">
        <ele>219.6</ele>
      </trkpt>
      <trkpt lat="33.20339245721698" lon="-96.72649523243308">
        <ele>219.8</ele>
      </trkpt>
      <trkpt lat="33.2033930439502" lon="-96.72632331959903">
        <ele>220.0</ele>
      </trkpt>
      <trkpt lat="33.20340117439628" lon="-96.72627202235162">
        <ele>220.0</ele>
      </trkpt>
      <trkpt lat="33.203420117497444" lon="-96.72610027715564">
        <ele>220.0</ele>
      </trkpt>
      <trkpt lat="33.203423051163554" lon="-96.72601067461073">
        <ele>220.0</ele>
      </trkpt>
      <trkpt lat="33.20342422463" lon="-96.72580028884113">
        <ele>219.6</ele>
      </trkpt>
      <trkpt lat="33.203424559906125" lon="-96.72573264688253">
        <ele>219.4</ele>
      </trkpt>
      <trkpt lat="33.203431852161884" lon="-96.72555821947753">
        <ele>219.0</ele>
      </trkpt>
      <trkpt lat="33.20344400592148" lon="-96.72553257085383">
        <ele>218.8</ele>
      </trkpt>
      <trkpt lat="33.20355657488108" lon="-96.72544070519507">
        <ele>218.8</ele>
      </trkpt>
      <trkpt lat="33.20368045940995" lon="-96.72529217787087">
        <ele>218.4</ele>
      </trkpt>
      <trkpt lat="33.203703006729484" lon="-96.72508782707155">
        <ele>218.4</ele>
      </trkpt>
      <trkpt lat="33.20369906723499" lon="-96.72493670135736">
        <ele>218.0</ele>
      </trkpt>
      <trkpt lat="33.20370024070144" lon="-96.72484382987022">
        <ele>217.8</ele>
      </trkpt>
      <trkpt lat="33.20369898341596" lon="-96.72464241273701">
        <ele>217.6</ele>
      </trkpt>
      <trkpt lat="33.2036953791976" lon="-96.72458030283451">
        <ele>217.4</ele>
      </trkpt>
      <trkpt lat="33.203700575977564" lon="-96.72438332810998">
        <ele>217.4</ele>
      </trkpt>
      <trkpt lat="33.203703509643674" lon="-96.72431660816073">
        <ele>217.4</ele>
      </trkpt>
      <trkpt lat="33.20371013134718" lon="-96.72411787323654">
        <ele>217.0</ele>
      </trkpt>
      <trkpt lat="33.20372488349676" lon="-96.72399105504155">
        <ele>217.0</ele>
      </trkpt>
      <trkpt lat="33.203718764707446" lon="-96.7238104250282">
        <ele>216.6</ele>
      </trkpt>
      <trkpt lat="33.203716753050685" lon="-96.72371914610267">
        <ele>216.4</ele>
      </trkpt>
      <trkpt lat="33.203703090548515" lon="-96.72354932874441">
        <ele>216.6</ele>
      </trkpt>
      <trkpt lat="33.2037056889385" lon="-96.72349560074508">
        <ele>216.6</ele>
      </trkpt>
      <trkpt lat="33.2037038449198" lon="-96.72331279143691">
        <ele>216.4</ele>
      </trkpt>
      <trkpt lat="33.20369931869209" lon="-96.72321581281722">
        <ele>216.4</ele>
      </trkpt>
      <trkpt lat="33.20368632674217" lon="-96.72302043065429">
        <ele>216.4</ele>
      </trkpt>
      <trkpt lat="33.20368766784668" lon="-96.72295555472374">
        <ele>216.2</ele>
      </trkpt>
      <trkpt lat="33.203690433874726" lon="-96.7227693926543">
        <ele>216.2</ele>
      </trkpt>
      <trkpt lat="33.20369839668274" lon="-96.72264768742025">
        <ele>216.2</ele>
      </trkpt>
      <trkpt lat="33.203698648139834" lon="-96.72246119007468">
        <ele>216.0</ele>
      </trkpt>
      <trkpt lat="33.20369663648307" lon="-96.72236429527402">
        <ele>216.2</ele>
      </trkpt>
      <trkpt lat="33.20369789376855" lon="-96.72217318788171">
        <ele>216.0</ele>
      </trkpt>
      <trkpt lat="33.203698648139834" lon="-96.7221097368747">
        <ele>216.0</ele>
      </trkpt>
      <trkpt lat="33.20369848050177" lon="-96.72207788564265">
        <ele>215.8</ele>
      </trkpt>
      <trkpt lat="33.20369596593082" lon="-96.72187630087137">
        <ele>216.0</ele>
      </trkpt>
      <trkpt lat="33.20368515327573" lon="-96.72177295200527">
        <ele>215.8</ele>
      </trkpt>
      <trkpt lat="33.20367903448641" lon="-96.72157907858491">
        <ele>215.2</ele>
      </trkpt>
      <trkpt lat="33.20367895066738" lon="-96.72148209996521">
        <ele>215.0</ele>
      </trkpt>
      <trkpt lat="33.203681549057364" lon="-96.721330890432">
        <ele>214.8</ele>
      </trkpt>
      <trkpt lat="33.203678699210286" lon="-96.7211757414043">
        <ele>214.6</ele>
      </trkpt>
      <trkpt lat="33.20367710664868" lon="-96.72114531509578">
        <ele>214.6</ele>
      </trkpt>
      <trkpt lat="33.20367299951613" lon="-96.72096292488277">
        <ele>214.6</ele>
      </trkpt>
      <trkpt lat="33.2036692276597" lon="-96.72084264457226">
        <ele>214.2</ele>
      </trkpt>
      <trkpt lat="33.203677944839" lon="-96.7206609249115">
        <ele>214.2</ele>
      </trkpt>
      <trkpt lat="33.203677190467715" lon="-96.72052874229848">
        <ele>214.0</ele>
      </trkpt>
      <trkpt lat="33.20367651991546" lon="-96.72049772925675">
        <ele>213.8</ele>
      </trkpt>
      <trkpt lat="33.20368682965636" lon="-96.72031441703439">
        <ele>213.4</ele>
      </trkpt>
      <trkpt lat="33.20369110442698" lon="-96.72025230713189">
        <ele>213.4</ele>
      </trkpt>
      <trkpt lat="33.20369990542531" lon="-96.72006052918732">
        <ele>213.0</ele>
      </trkpt>
      <trkpt lat="33.20369755849242" lon="-96.71999732963741">
        <ele>212.8</ele>
      </trkpt>
      <trkpt lat="33.20369563065469" lon="-96.71996388584375">
        <ele>212.6</ele>
      </trkpt>
      <trkpt lat="33.20369252935052" lon="-96.71977110207081">
        <ele>212.4</ele>
      </trkpt>
      <trkpt lat="33.20369496010244" lon="-96.71971041709185">
        <ele>212.4</ele>
      </trkpt>
      <trkpt lat="33.2036969717592" lon="-96.71952257864177">
        <ele>212.0</ele>
      </trkpt>
      <trkpt lat="33.203700575977564" lon="-96.71943021006882">
        <ele>211.8</ele>
      </trkpt>
      <trkpt lat="33.20370099507272" lon="-96.71939995139837">
        <ele>211.6</ele>
      </trkpt>
      <trkpt lat="33.20370820350945" lon="-96.7192100174725">
        <ele>211.4</ele>
      </trkpt>
      <trkpt lat="33.20371205918491" lon="-96.71914480626583">
        <ele>211.4</ele>
      </trkpt>
      <trkpt lat="33.2037144061178" lon="-96.7189494241029">
        <ele>210.8</ele>
      </trkpt>
      <trkpt lat="33.20371490903199" lon="-96.71891883015633">
        <ele>210.8</ele>
      </trkpt>
      <trkpt lat="33.20371666923165" lon="-96.71888832002878">
        <ele>210.6</ele>
      </trkpt>
      <trkpt lat="33.203719267621636" lon="-96.71871246770024">
        <ele>210.2</ele>
      </trkpt>
      <trkpt lat="33.20372203364968" lon="-96.71862160786986">
        <ele>210.0</ele>
      </trkpt>
      <trkpt lat="33.20372320711613" lon="-96.71842521987855">
        <ele>209.8</ele>
      </trkpt>
      <trkpt lat="33.20373075082898" lon="-96.7183661274612">
        <ele>209.8</ele>
      </trkpt>
      <trkpt lat="33.20373326539993" lon="-96.71830703504384">
        <ele>209.6</ele>
      </trkpt>
      <trkpt lat="33.20373401977122" lon="-96.71812020242214">
        <ele>209.2</ele>
      </trkpt>
      <trkpt lat="33.20373200811446" lon="-96.718088099733">
        <ele>209.0</ele>
      </trkpt>
      <trkpt lat="33.203718764707446" lon="-96.71793127432466">
        <ele>208.6</ele>
      </trkpt>
      <trkpt lat="33.2037247158587" lon="-96.71780881471932">
        <ele>208.4</ele>
      </trkpt>
      <trkpt lat="33.20372639223933" lon="-96.71761536039412">
        <ele>208.0</ele>
      </trkpt>
      <trkpt lat="33.20371666923165" lon="-96.71751888468862">
        <ele>207.8</ele>
      </trkpt>
      <trkpt lat="33.20371314883232" lon="-96.71737010590732">
        <ele>207.6</ele>
      </trkpt>
      <trkpt lat="33.20371080189943" lon="-96.71728486195207">
        <ele>207.2</ele>
      </trkpt>
      <trkpt lat="33.2037091255188" lon="-96.71709559857845">
        <ele>207.0</ele>
      </trkpt>
      <trkpt lat="33.20370677858591" lon="-96.71702829189599">
        <ele>207.0</ele>
      </trkpt>
      <trkpt lat="33.20370367728174" lon="-96.71682829968631">
        <ele>206.6</ele>
      </trkpt>
      <trkpt lat="33.20369990542531" lon="-96.71679544262588">
        <ele>206.4</ele>
      </trkpt>
      <trkpt lat="33.20369211025536" lon="-96.71660115011036">
        <ele>206.2</ele>
      </trkpt>
      <trkpt lat="33.20368817076087" lon="-96.71650215983391">
        <ele>206.0</ele>
      </trkpt>
      <trkpt lat="33.20368800312281" lon="-96.71630091033876">
        <ele>205.6</ele>
      </trkpt>
      <trkpt lat="33.20368473418057" lon="-96.71616864390671">
        <ele>205.8</ele>
      </trkpt>
      <trkpt lat="33.20367509499192" lon="-96.71610326506197">
        <ele>205.6</ele>
      </trkpt>
      <trkpt lat="33.203639052808285" lon="-96.71592271886766">
        <ele>205.0</ele>
      </trkpt>
      <trkpt lat="33.20363259874284" lon="-96.71589212492108">
        <ele>205.0</ele>
      </trkpt>
      <trkpt lat="33.20358800701797" lon="-96.71570814214647">
        <ele>204.6</ele>
      </trkpt>
      <trkpt lat="33.20356956683099" lon="-96.71561686322093">
        <ele>204.4</ele>
      </trkpt>
      <trkpt lat="33.20354592986405" lon="-96.71546255238354">
        <ele>204.4</ele>
      </trkpt>
      <trkpt lat="33.203556910157204" lon="-96.71543112024665">
        <ele>204.2</ele>
      </trkpt>
      <trkpt lat="33.20366713218391" lon="-96.715297261253">
        <ele>203.6</ele>
      </trkpt>
      <trkpt lat="33.20371356792748" lon="-96.71528477221727">
        <ele>203.4</ele>
      </trkpt>
      <trkpt lat="33.20381213910878" lon="-96.71528594568372">
        <ele>203.2</ele>
      </trkpt>
      <trkpt lat="33.20394859649241" lon="-96.71530648134649">
        <ele>203.2</ele>
      </trkpt>
      <trkpt lat="33.204024117439985" lon="-96.71531477943063">
        <ele>203.0</ele>
      </trkpt>
      <trkpt lat="33.2041718903929" lon="-96.71530354768038">
        <ele>203.0</ele>
      </trkpt>
      <trkpt lat="33.20419829338789" lon="-96.71530564315617">
        <ele>203.0</ele>
      </trkpt>
      <trkpt lat="33.204367607831955" lon="-96.71532207168639">
        <ele>203.2</ele>
      </trkpt>
      <trkpt lat="33.20453239604831" lon="-96.71531612053514">
        <ele>203.6</ele>
      </trkpt>
      <trkpt lat="33.2046156283468" lon="-96.71531142666936">
        <ele>204.0</ele>
      </trkpt>
      <trkpt lat="33.20477010682225" lon="-96.71530933119357">
        <ele>204.6</ele>
      </trkpt>
      <trkpt lat="33.20490228943527" lon="-96.71531494706869">
        <ele>205.0</ele>
      </trkpt>
      <trkpt lat="33.20498451590538" lon="-96.71532173641026">
        <ele>205.8</ele>
      </trkpt>
      <trkpt lat="33.2051492203027" lon="-96.71532232314348">
        <ele>206.4</ele>
      </trkpt>
      <trkpt lat="33.20517654530704" lon="-96.71532299369574">
        <ele>206.4</ele>
      </trkpt>
      <trkpt lat="33.205308644101024" lon="-96.7153297830373">
        <ele>206.8</ele>
      </trkpt>
      <trkpt lat="33.20544518530369" lon="-96.71533095650375">
        <ele>207.0</ele>
      </trkpt>
      <trkpt lat="33.20560301654041" lon="-96.71533640474081">
        <ele>207.0</ele>
      </trkpt>
      <trkpt lat="33.20565330795944" lon="-96.71533179469407">
        <ele>207.0</ele>
      </trkpt>
      <trkpt lat="33.20581080392003" lon="-96.71534855850041">
        <ele>207.2</ele>
      </trkpt>
      <trkpt lat="33.20583770982921" lon="-96.71535207889974">
        <ele>207.4</ele>
      </trkpt>
      <trkpt lat="33.2059988938272" lon="-96.71535811387002">
        <ele>207.8</ele>
      </trkpt>
      <trkpt lat="33.20605220273137" lon="-96.71535534784198">
        <ele>208.0</ele>
      </trkpt>
      <trkpt lat="33.206133507192135" lon="-96.7153543420136">
        <ele>208.4</ele>
      </trkpt>
      <trkpt lat="33.206323608756065" lon="-96.71535844914615">
        <ele>208.8</ele>
      </trkpt>
      <trkpt lat="33.2063752412796" lon="-96.71536289155483">
        <ele>209.0</ele>
      </trkpt>
      <trkpt lat="33.20645185187459" lon="-96.71537035144866">
        <ele>209.2</ele>
      </trkpt>
      <trkpt lat="33.20658026263118" lon="-96.7153786495328">
        <ele>209.6</ele>
      </trkpt>
      <trkpt lat="33.20675913244486" lon="-96.71538669615984">
        <ele>210.0</ele>
      </trkpt>
      <trkpt lat="33.20681034587324" lon="-96.71538761816919">
        <ele>210.2</ele>
      </trkpt>
      <trkpt lat="33.20697421208024" lon="-96.71539708971977">
        <ele>210.4</ele>
      </trkpt>
      <trkpt lat="33.2070866972208" lon="-96.71539281494915">
        <ele>210.4</ele>
      </trkpt>
      <trkpt lat="33.207281827926636" lon="-96.71539097093046">
        <ele>210.4</ele>
      </trkpt>
      <trkpt lat="33.20736698806286" lon="-96.71539222821593">
        <ele>210.2</ele>
      </trkpt>
      <trkpt lat="33.20753211155534" lon="-96.71539683826268">
        <ele>209.8</ele>
      </trkpt>
      <trkpt lat="33.207617523148656" lon="-96.71539625152946">
        <ele>209.4</ele>
      </trkpt>
      <trkpt lat="33.207703437656164" lon="-96.71540010720491">
        <ele>209.2</ele>
      </trkpt>
      <trkpt lat="33.20787627249956" lon="-96.71539097093046">
        <ele>208.6</ele>
      </trkpt>
      <trkpt lat="33.207938214764" lon="-96.71538669615984">
        <ele>208.6</ele>
      </trkpt>
      <trkpt lat="33.20808372460306" lon="-96.71537362039089">
        <ele>208.4</ele>
      </trkpt>
      <trkpt lat="33.208200400695205" lon="-96.71537253074348">
        <ele>208.4</ele>
      </trkpt>
      <trkpt lat="33.20833652280271" lon="-96.7153763025999">
        <ele>208.2</ele>
      </trkpt>
      <trkpt lat="33.208389580249786" lon="-96.71537395566702">
        <ele>208.0</ele>
      </trkpt>
      <trkpt lat="33.20847331546247" lon="-96.71536917798221">
        <ele>208.0</ele>
      </trkpt>
      <trkpt lat="33.208614718168974" lon="-96.71536716632545">
        <ele>208.0</ele>
      </trkpt>
      <trkpt lat="33.20866970345378" lon="-96.71537102200091">
        <ele>208.0</ele>
      </trkpt>
      <trkpt lat="33.20885988883674" lon="-96.71538040973246">
        <ele>207.8</ele>
      </trkpt>
      <trkpt lat="33.20891269482672" lon="-96.71538300812244">
        <ele>207.6</ele>
      </trkpt>
      <trkpt lat="33.2091108430177" lon="-96.71537186019123">
        <ele>207.8</ele>
      </trkpt>
      <trkpt lat="33.20916901342571" lon="-96.71536716632545">
        <ele>207.8</ele>
      </trkpt>
      <trkpt lat="33.20933732204139" lon="-96.71535677276552">
        <ele>207.8</ele>
      </trkpt>
      <trkpt lat="33.209423990920186" lon="-96.71535886824131">
        <ele>208.0</ele>
      </trkpt>
      <trkpt lat="33.20961317047477" lon="-96.71536934562027">
        <ele>208.2</ele>
      </trkpt>
      <trkpt lat="33.209638483822346" lon="-96.71537001617253">
        <ele>208.4</ele>
      </trkpt>
      <trkpt lat="33.20981743745506" lon="-96.7153694294393">
        <ele>208.4</ele>
      </trkpt>
      <trkpt lat="33.209886252880096" lon="-96.71537747606635">
        <ele>208.4</ele>
      </trkpt>
      <trkpt lat="33.21001441217959" lon="-96.71539499424398">
        <ele>208.6</ele>
      </trkpt>
      <trkpt lat="33.21014290675521" lon="-96.71539935283363">
        <ele>208.8</ele>
      </trkpt>
      <trkpt lat="33.21033418178558" lon="-96.71540035866201">
        <ele>208.8</ele>
      </trkpt>
      <trkpt lat="33.21036343462765" lon="-96.71540002338588">
        <ele>208.8</ele>
      </trkpt>
      <trkpt lat="33.21047684177756" lon="-96.71538778580725">
        <ele>209.2</ele>
      </trkpt>
      <trkpt lat="33.21063165552914" lon="-96.71538175083697">
        <ele>209.4</ele>
      </trkpt>
      <trkpt lat="33.21079342626035" lon="-96.71536917798221">
        <ele>209.2</ele>
      </trkpt>
      <trkpt lat="33.21084229275584" lon="-96.71537454240024">
        <ele>209.2</ele>
      </trkpt>
      <trkpt lat="33.210882022976875" lon="-96.71541125513613">
        <ele>209.4</ele>
      </trkpt>
      <trkpt lat="33.210903983563185" lon="-96.71550915576518">
        <ele>209.6</ele>
      </trkpt>
      <trkpt lat="33.21089752949774" lon="-96.7157084774226">
        <ele>210.0</ele>
      </trkpt>
      <trkpt lat="33.21089409291744" lon="-96.71583990566432">
        <ele>210.2</ele>
      </trkpt>
      <trkpt lat="33.21089643985033" lon="-96.71587242744863">
        <ele>210.2</ele>
      </trkpt>
      <trkpt lat="33.210890823975205" lon="-96.71608733944595">
        <ele>210.8</ele>
      </trkpt>
      <trkpt lat="33.21089040488005" lon="-96.71611952595413">
        <ele>210.8</ele>
      </trkpt>
      <trkpt lat="33.21089023724198" lon="-96.7161517124623">
        <ele>211.2</ele>
      </trkpt>
      <trkpt lat="33.210895266383886" lon="-96.71634189784527">
        <ele>211.4</ele>
      </trkpt>
      <trkpt lat="33.21089308708906" lon="-96.71647760085762">
        <ele>211.8</ele>
      </trkpt>
      <trkpt lat="33.21088713593781" lon="-96.71667306683958">
        <ele>212.4</ele>
      </trkpt>
      <trkpt lat="33.21089333854616" lon="-96.71676945872605">
        <ele>212.6</ele>
      </trkpt>
      <trkpt lat="33.2109050732106" lon="-96.71679611317813">
        <ele>212.6</ele>
      </trkpt>
      <trkpt lat="33.21095569990575" lon="-96.71681438572705">
        <ele>213.0</ele>
      </trkpt>
      <trkpt lat="33.21112124249339" lon="-96.71681966632605">
        <ele>213.2</ele>
      </trkpt>
      <trkpt lat="33.21123247034848" lon="-96.71682662330568">
        <ele>213.0</ele>
      </trkpt>
      <trkpt lat="33.211321067065" lon="-96.71681203879416">
        <ele>212.8</ele>
      </trkpt>
      <trkpt lat="33.21149926632643" lon="-96.71677549369633">
        <ele>212.6</ele>
      </trkpt>
      <trkpt lat="33.211550982668996" lon="-96.71675336547196">
        <ele>212.8</ele>
      </trkpt>
      <trkpt lat="33.2117098197341" lon="-96.71667960472405">
        <ele>212.8</ele>
      </trkpt>
      <trkpt lat="33.211818197742105" lon="-96.71666409820318">
        <ele>212.6</ele>
      </trkpt>
      <trkpt lat="33.211977537721395" lon="-96.71660182066262">
        <ele>212.2</ele>
      </trkpt>
      <trkpt lat="33.2120462693274" lon="-96.71655748039484">
        <ele>212.2</ele>
      </trkpt>
      <trkpt lat="33.212164621800184" lon="-96.71649436466396">
        <ele>212.2</ele>
      </trkpt>
      <trkpt lat="33.212219439446926" lon="-96.71646385453641">
        <ele>212.2</ele>
      </trkpt>
      <trkpt lat="33.21237760595977" lon="-96.71638967469335">
        <ele>212.2</ele>
      </trkpt>
      <trkpt lat="33.21240417659283" lon="-96.71637584455311">
        <ele>212.0</ele>
      </trkpt>
      <trkpt lat="33.21255790069699" lon="-96.71631708741188">
        <ele>211.4</ele>
      </trkpt>
      <trkpt lat="33.21258765645325" lon="-96.71630744822323">
        <ele>211.2</ele>
      </trkpt>
      <trkpt lat="33.21273400448263" lon="-96.71623871661723">
        <ele>210.6</ele>
      </trkpt>
      <trkpt lat="33.21277725510299" lon="-96.71622103080153">
        <ele>210.6</ele>
      </trkpt>
      <trkpt lat="33.21291304193437" lon="-96.71619269996881">
        <ele>210.4</ele>
      </trkpt>
      <trkpt lat="33.212996358051896" lon="-96.71619077213109">
        <ele>210.4</ele>
      </trkpt>
      <trkpt lat="33.21302485652268" lon="-96.71618959866464">
        <ele>210.2</ele>
      </trkpt>
      <trkpt lat="33.21320917457342" lon="-96.71615397557616">
        <ele>210.0</ele>
      </trkpt>
      <trkpt lat="33.213384775444865" lon="-96.7161379661411">
        <ele>210.2</ele>
      </trkpt>
      <trkpt lat="33.213414195925" lon="-96.71613913960755">
        <ele>210.2</ele>
      </trkpt>
      <trkpt lat="33.2134400960058" lon="-96.7161281593144">
        <ele>210.2</ele>
      </trkpt>
      <trkpt lat="33.213469767943025" lon="-96.71607015654445">
        <ele>210.2</ele>
      </trkpt>
      <trkpt lat="33.213464906439185" lon="-96.71587343327701">
        <ele>210.0</ele>
      </trkpt>
      <trkpt lat="33.2134850230068" lon="-96.7157182842493">
        <ele>210.2</ele>
      </trkpt>
      <trkpt lat="33.21348024532199" lon="-96.71570168808103">
        <ele>210.2</ele>
      </trkpt>
      <trkpt lat="33.21347823366523" lon="-96.7156958207488">
        <ele>210.2</ele>
      </trkpt>
      <trkpt lat="33.21348946541548" lon="-96.71565759927034">
        <ele>209.8</ele>
      </trkpt>
      <trkpt lat="33.21352416649461" lon="-96.71552960760891">
        <ele>209.8</ele>
      </trkpt>
      <trkpt lat="33.21357663720846" lon="-96.71529072336853">
        <ele>210.0</ele>
      </trkpt>
      <trkpt lat="33.213579738512635" lon="-96.71525887213647">
        <ele>210.0</ele>
      </trkpt>
      <trkpt lat="33.21359423920512" lon="-96.71506960876286">
        <ele>210.4</ele>
      </trkpt>
      <trkpt lat="33.2136110868305" lon="-96.71500246971846">
        <ele>210.4</ele>
      </trkpt>
      <trkpt lat="33.21366062387824" lon="-96.71483692713082">
        <ele>210.8</ele>
      </trkpt>
      <trkpt lat="33.213689122349024" lon="-96.71477967873216">
        <ele>211.0</ele>
      </trkpt>
      <trkpt lat="33.213795656338334" lon="-96.714575747028">
        <ele>211.2</ele>
      </trkpt>
      <trkpt lat="33.21380873210728" lon="-96.71454196795821">
        <ele>211.4</ele>
      </trkpt>
      <trkpt lat="33.21386966854334" lon="-96.71435127966106">
        <ele>211.6</ele>
      </trkpt>
      <trkpt lat="33.213889952749014" lon="-96.7142884992063">
        <ele>211.6</ele>
      </trkpt>
      <trkpt lat="33.21395960636437" lon="-96.71410485170782">
        <ele>211.8</ele>
      </trkpt>
      <trkpt lat="33.214054238051176" lon="-96.71392941847444">
        <ele>212.0</ele>
      </trkpt>
      <trkpt lat="33.21409556083381" lon="-96.7138418275863">
        <ele>212.0</ele>
      </trkpt>
      <trkpt lat="33.21417619474232" lon="-96.71364585869014">
        <ele>211.6</ele>
      </trkpt>
      <trkpt lat="33.21418692357838" lon="-96.71361358836293">
        <ele>211.6</ele>
      </trkpt>
      <trkpt lat="33.214232102036476" lon="-96.71341594308615">
        <ele>211.4</ele>
      </trkpt>
      <trkpt lat="33.21425473317504" lon="-96.7133198864758">
        <ele>211.4</ele>
      </trkpt>
      <trkpt lat="33.214325308799744" lon="-96.71313892118633">
        <ele>211.0</ele>
      </trkpt>
      <trkpt lat="33.2143672183156" lon="-96.71305158175528">
        <ele>210.8</ele>
      </trkpt>
      <trkpt lat="33.21442027576268" lon="-96.71294253319502">
        <ele>210.2</ele>
      </trkpt>
      <trkpt lat="33.214480793103576" lon="-96.71277497895062">
        <ele>209.4</ele>
      </trkpt>
      <trkpt lat="33.214501244947314" lon="-96.71271379105747">
        <ele>209.2</ele>
      </trkpt>
      <trkpt lat="33.21455916389823" lon="-96.71253860928118">
        <ele>208.4</ele>
      </trkpt>
      <trkpt lat="33.2145709823817" lon="-96.71250809915364">
        <ele>208.0</ele>
      </trkpt>
      <trkpt lat="33.214630829170346" lon="-96.71232411637902">
        <ele>206.8</ele>
      </trkpt>
      <trkpt lat="33.214661590754986" lon="-96.71223065815866">
        <ele>206.2</ele>
      </trkpt>
      <trkpt lat="33.214716240763664" lon="-96.71210727654397">
        <ele>205.8</ele>
      </trkpt>
      <trkpt lat="33.21477382443845" lon="-96.7119733337313">
        <ele>205.2</ele>
      </trkpt>
      <trkpt lat="33.21479947306216" lon="-96.71186378225684">
        <ele>204.8</ele>
      </trkpt>
      <trkpt lat="33.21480626240373" lon="-96.71175959520042">
        <ele>204.4</ele>
      </trkpt>
      <trkpt lat="33.21480458602309" lon="-96.71154795214534">
        <ele>204.0</ele>
      </trkpt>
      <trkpt lat="33.214799389243126" lon="-96.71148198656738">
        <ele>203.8</ele>
      </trkpt>
      <trkpt lat="33.214801317080855" lon="-96.71144938096404">
        <ele>203.8</ele>
      </trkpt>
      <trkpt lat="33.214811040088534" lon="-96.71125701628625">
        <ele>203.6</ele>
      </trkpt>
      <trkpt lat="33.21480919606984" lon="-96.71115601435304">
        <ele>203.6</ele>
      </trkpt>
      <trkpt lat="33.21479042060673" lon="-96.71095853671432">
        <ele>203.2</ele>
      </trkpt>
      <trkpt lat="33.21478296071291" lon="-96.71092668548226">
        <ele>203.2</ele>
      </trkpt>
      <trkpt lat="33.21475471369922" lon="-96.71082543209195">
        <ele>203.0</ele>
      </trkpt>
      <trkpt lat="33.214719761162996" lon="-96.71068897470832">
        <ele>203.0</ele>
      </trkpt>
      <trkpt lat="33.214711882174015" lon="-96.71065553091466">
        <ele>203.0</ele>
      </trkpt>
      <trkpt lat="33.21465161629021" lon="-96.7104584723711">
        <ele>202.8</ele>
      </trkpt>
      <trkpt lat="33.21463384665549" lon="-96.71039493754506">
        <ele>202.6</ele>
      </trkpt>
      <trkpt lat="33.21462311781943" lon="-96.71036241576076">
        <ele>202.6</ele>
      </trkpt>
      <trkpt lat="33.21461188606918" lon="-96.7103305645287">
        <ele>202.6</ele>
      </trkpt>
      <trkpt lat="33.214543741196394" lon="-96.7101719789207">
        <ele>202.2</ele>
      </trkpt>
      <trkpt lat="33.21450401097536" lon="-96.71007458120584">
        <ele>201.8</ele>
      </trkpt>
      <trkpt lat="33.214490516111255" lon="-96.71004415489733">
        <ele>201.6</ele>
      </trkpt>
      <trkpt lat="33.214392280206084" lon="-96.70983972027898">
        <ele>200.6</ele>
      </trkpt>
      <trkpt lat="33.214377192780375" lon="-96.70981289818883">
        <ele>200.6</ele>
      </trkpt>
      <trkpt lat="33.21434232406318" lon="-96.7097607627511">
        <ele>200.2</ele>
      </trkpt>
      <trkpt lat="33.21422891691327" lon="-96.70960318297148">
        <ele>199.6</ele>
      </trkpt>
      <trkpt lat="33.214208045974374" lon="-96.70957929454744">
        <ele>199.4</ele>
      </trkpt>
      <trkpt lat="33.21418524719775" lon="-96.7095588427037">
        <ele>199.2</ele>
      </trkpt>
      <trkpt lat="33.214082987979054" lon="-96.70943319797516">
        <ele>198.4</ele>
      </trkpt>
      <trkpt lat="33.21401878260076" lon="-96.70931451022625">
        <ele>198.0</ele>
      </trkpt>
      <trkpt lat="33.213984249159694" lon="-96.70925717800856">
        <ele>197.4</ele>
      </trkpt>
      <trkpt lat="33.21386631578207" lon="-96.70914838090539">
        <ele>196.4</ele>
      </trkpt>
      <trkpt lat="33.21381451562047" lon="-96.70910999178886">
        <ele>196.2</ele>
      </trkpt>
      <trkpt lat="33.21367336437106" lon="-96.70897286385298">
        <ele>195.6</ele>
      </trkpt>
      <trkpt lat="33.21364838629961" lon="-96.7089546751231">
        <ele>195.4</ele>
      </trkpt>
      <trkpt lat="33.21357076987624" lon="-96.7089007794857">
        <ele>195.2</ele>
      </trkpt>
      <trkpt lat="33.21344034746289" lon="-96.70882358215749">
        <ele>194.4</ele>
      </trkpt>
      <trkpt lat="33.21335770189762" lon="-96.7087939940393">
        <ele>194.0</ele>
      </trkpt>
      <trkpt lat="33.21319693699479" lon="-96.70869986526668">
        <ele>193.6</ele>
      </trkpt>
      <trkpt lat="33.213036926463246" lon="-96.70860892161727">
        <ele>193.2</ele>
      </trkpt>
      <trkpt lat="33.21301085874438" lon="-96.70859701931477">
        <ele>193.0</ele>
      </trkpt>
      <trkpt lat="33.21295838803053" lon="-96.70857413671911">
        <ele>193.0</ele>
      </trkpt>
      <trkpt lat="33.21279586292803" lon="-96.70852409675717">
        <ele>192.6</ele>
      </trkpt>
      <trkpt lat="33.21268488653004" lon="-96.70850314199924">
        <ele>192.4</ele>
      </trkpt>
      <trkpt lat="33.212545830756426" lon="-96.70848704874516">
        <ele>192.4</ele>
      </trkpt>
      <trkpt lat="33.21251439861953" lon="-96.70849258080125">
        <ele>192.6</ele>
      </trkpt>
      <trkpt lat="33.2123295776546" lon="-96.70854781754315">
        <ele>193.2</ele>
      </trkpt>
      <trkpt lat="33.21230283938348" lon="-96.70855334959924">
        <ele>193.4</ele>
      </trkpt>
      <trkpt lat="33.212193958461285" lon="-96.70857011340559">
        <ele>194.2</ele>
      </trkpt>
      <trkpt lat="33.21207879111171" lon="-96.70857665129006">
        <ele>194.8</ele>
      </trkpt>
      <trkpt lat="33.21192649193108" lon="-96.70857522636652">
        <ele>194.8</ele>
      </trkpt>
      <trkpt lat="33.211755165830255" lon="-96.70859970152378">
        <ele>195.2</ele>
      </trkpt>
      <trkpt lat="33.21169615723193" lon="-96.7086190637201">
        <ele>195.2</ele>
      </trkpt>
      <trkpt lat="33.21166891604662" lon="-96.70862970873713">
        <ele>195.4</ele>
      </trkpt>
      <trkpt lat="33.21151787415147" lon="-96.70871436595917">
        <ele>195.8</ele>
      </trkpt>
      <trkpt lat="33.21147018112242" lon="-96.7087488155812">
        <ele>196.2</ele>
      </trkpt>
      <trkpt lat="33.21144662797451" lon="-96.70876868069172">
        <ele>196.4</ele>
      </trkpt>
      <trkpt lat="33.21134462021291" lon="-96.70882877893746">
        <ele>197.0</ele>
      </trkpt>
      <trkpt lat="33.21131804957986" lon="-96.70883095823228">
        <ele>197.4</ele>
      </trkpt>
      <trkpt lat="33.21113917976618" lon="-96.70886314474046">
        <ele>198.0</ele>
      </trkpt>
      <trkpt lat="33.210978750139475" lon="-96.70892802067101">
        <ele>198.0</ele>
      </trkpt>
      <trkpt lat="33.21089459583163" lon="-96.70894713141024">
        <ele>198.0</ele>
      </trkpt>
      <trkpt lat="33.21075134910643" lon="-96.70899524353445">
        <ele>198.0</ele>
      </trkpt>
      <trkpt lat="33.21067398414016" lon="-96.70902910642326">
        <ele>198.2</ele>
      </trkpt>
      <trkpt lat="33.21056921035051" lon="-96.70907084830105">
        <ele>198.4</ele>
      </trkpt>
      <trkpt lat="33.2104008179158" lon="-96.7091116681695">
        <ele>199.0</ele>
      </trkpt>
      <trkpt lat="33.21022999472916" lon="-96.70916380360723">
        <ele>199.0</ele>
      </trkpt>
      <trkpt lat="33.21014600805938" lon="-96.70918316580355">
        <ele>199.0</ele>
      </trkpt>
      <trkpt lat="33.209992283955216" lon="-96.70922289602458">
        <ele>199.2</ele>
      </trkpt>
      <trkpt lat="33.209911566227674" lon="-96.70923605561256">
        <ele>199.2</ele>
      </trkpt>
      <trkpt lat="33.20974267087877" lon="-96.70925977639854">
        <ele>199.4</ele>
      </trkpt>
      <trkpt lat="33.20971434004605" lon="-96.70926279388368">
        <ele>199.6</ele>
      </trkpt>
      <trkpt lat="33.20968559011817" lon="-96.70926488935947">
        <ele>199.6</ele>
      </trkpt>
      <trkpt lat="33.20952323265374" lon="-96.70929414220154">
        <ele>199.8</ele>
      </trkpt>
      <trkpt lat="33.209495740011334" lon="-96.7093011830002">
        <ele>199.6</ele>
      </trkpt>
      <trkpt lat="33.20933765731752" lon="-96.70933865010738">
        <ele>200.4</ele>
      </trkpt>
      <trkpt lat="33.209308572113514" lon="-96.70934543944895">
        <ele>200.4</ele>
      </trkpt>
      <trkpt lat="33.20928099565208" lon="-96.7093550786376">
        <ele>200.6</ele>
      </trkpt>
      <trkpt lat="33.20911260321736" lon="-96.70938919298351">
        <ele>200.8</ele>
      </trkpt>
      <trkpt lat="33.208944043144584" lon="-96.70941643416882">
        <ele>201.4</ele>
      </trkpt>
      <trkpt lat="33.208882100880146" lon="-96.7094187811017">
        <ele>201.6</ele>
      </trkpt>
      <trkpt lat="33.20885167457163" lon="-96.70941886492074">
        <ele>201.6</ele>
      </trkpt>
      <trkpt lat="33.20868487469852" lon="-96.70941567979753">
        <ele>201.8</ele>
      </trkpt>
      <trkpt lat="33.208518577739596" lon="-96.70941609889269">
        <ele>202.2</ele>
      </trkpt>
      <trkpt lat="33.20840936154127" lon="-96.70941299758852">
        <ele>202.2</ele>
      </trkpt>
      <trkpt lat="33.208352867513895" lon="-96.70941685326397">
        <ele>202.2</ele>
      </trkpt>
      <trkpt lat="33.20819252170622" lon="-96.70943411998451">
        <ele>202.8</ele>
      </trkpt>
      <trkpt lat="33.208054304122925" lon="-96.70947276055813">
        <ele>203.0</ele>
      </trkpt>
      <trkpt lat="33.20793343707919" lon="-96.70950762927532">
        <ele>202.4</ele>
      </trkpt>
      <trkpt lat="33.20788733661175" lon="-96.70952196232975">
        <ele>202.4</ele>
      </trkpt>
      <trkpt lat="33.207767559215426" lon="-96.70953176915646">
        <ele>202.0</ele>
      </trkpt>
      <trkpt lat="33.20770955644548" lon="-96.70953193679452">
        <ele>201.8</ele>
      </trkpt>
      <trkpt lat="33.2076255697757" lon="-96.70952347107232">
        <ele>201.8</ele>
      </trkpt>
      <trkpt lat="33.20749598555267" lon="-96.70949907973409">
        <ele>201.6</ele>
      </trkpt>
      <trkpt lat="33.207332622259855" lon="-96.70947510749102">
        <ele>201.0</ele>
      </trkpt>
      <trkpt lat="33.207280822098255" lon="-96.70946773141623">
        <ele>200.8</ele>
      </trkpt>
      <trkpt lat="33.20723254233599" lon="-96.70945968478918">
        <ele>200.8</ele>
      </trkpt>
      <trkpt lat="33.20708376355469" lon="-96.70946513302624">
        <ele>200.6</ele>
      </trkpt>
      <trkpt lat="33.20703766308725" lon="-96.70946731232107">
        <ele>200.2</ele>
      </trkpt>
      <trkpt lat="33.20692199282348" lon="-96.70947628095746">
        <ele>199.8</ele>
      </trkpt>
      <trkpt lat="33.20686826482415" lon="-96.70947996899486">
        <ele>199.6</ele>
      </trkpt>
      <trkpt lat="33.20669802837074" lon="-96.70944853685796">
        <ele>199.0</ele>
      </trkpt>
      <trkpt lat="33.20664237253368" lon="-96.70943797565997">
        <ele>199.0</ele>
      </trkpt>
      <trkpt lat="33.206471633166075" lon="-96.70943210832775">
        <ele>198.6</ele>
      </trkpt>
      <trkpt lat="33.20641723461449" lon="-96.70944602228701">
        <ele>198.4</ele>
      </trkpt>
      <trkpt lat="33.206250853836536" lon="-96.7094843275845">
        <ele>198.0</ele>
      </trkpt>
      <trkpt lat="33.2062232773751" lon="-96.70948466286063">
        <ele>198.0</ele>
      </trkpt>
      <trkpt lat="33.20611364208162" lon="-96.70946161262691">
        <ele>197.6</ele>
      </trkpt>
      <trkpt lat="33.206009371206164" lon="-96.70942850410938">
        <ele>197.2</ele>
      </trkpt>
      <trkpt lat="33.205903843045235" lon="-96.70941526070237">
        <ele>196.6</ele>
      </trkpt>
      <trkpt lat="33.20582991465926" lon="-96.7094066273421">
        <ele>196.4</ele>
      </trkpt>
      <trkpt lat="33.20568080060184" lon="-96.70943328179419">
        <ele>195.8</ele>
      </trkpt>
      <trkpt lat="33.20557720027864" lon="-96.70942691154778">
        <ele>195.6</ele>
      </trkpt>
      <trkpt lat="33.20544610731304" lon="-96.70941224321723">
        <ele>195.2</ele>
      </trkpt>
      <trkpt lat="33.205285761505365" lon="-96.70939858071506">
        <ele>194.8</ele>
      </trkpt>
      <trkpt lat="33.20523086003959" lon="-96.70939438976347">
        <ele>194.6</ele>
      </trkpt>
      <trkpt lat="33.205204624682665" lon="-96.70938927680254">
        <ele>194.6</ele>
      </trkpt>
      <trkpt lat="33.20505425333977" lon="-96.70934929512441">
        <ele>193.8</ele>
      </trkpt>
      <trkpt lat="33.205005303025246" lon="-96.70933915302157">
        <ele>193.6</ele>
      </trkpt>
      <trkpt lat="33.20497957058251" lon="-96.70933395624161">
        <ele>193.4</ele>
      </trkpt>
      <trkpt lat="33.20482777431607" lon="-96.70930931344628">
        <ele>193.0</ele>
      </trkpt>
      <trkpt lat="33.20480455644429" lon="-96.70930705033243">
        <ele>193.0</ele>
      </trkpt>
      <trkpt lat="33.204657370224595" lon="-96.70925759710371">
        <ele>192.4</ele>
      </trkpt>
      <trkpt lat="33.204505909234285" lon="-96.7092118319124">
        <ele>192.0</ele>
      </trkpt>
      <trkpt lat="33.204432148486376" lon="-96.70918098650873">
        <ele>191.8</ele>
      </trkpt>
      <trkpt lat="33.2042979542166" lon="-96.70911787077785">
        <ele>191.6</ele>
      </trkpt>
      <trkpt lat="33.20423500612378" lon="-96.70908342115581">
        <ele>191.4</ele>
      </trkpt>
      <trkpt lat="33.2040994707495" lon="-96.7090202216059">
        <ele>190.6</ele>
      </trkpt>
      <trkpt lat="33.204050017520785" lon="-96.70900312252343">
        <ele>190.4</ele>
      </trkpt>
      <trkpt lat="33.203891180455685" lon="-96.70897403731942">
        <ele>189.6</ele>
      </trkpt>
      <trkpt lat="33.20383720099926" lon="-96.70897152274847">
        <ele>189.4</ele>
      </trkpt>
      <trkpt lat="33.20368238724768" lon="-96.70893254689872">
        <ele>188.6</ele>
      </trkpt>
      <trkpt lat="33.20360996760428" lon="-96.70889122411609">
        <ele>188.4</ele>
      </trkpt>
      <trkpt lat="33.20358859375119" lon="-96.70887462794781">
        <ele>188.2</ele>
      </trkpt>
      <trkpt lat="33.20349211804569" lon="-96.70876817777753">
        <ele>188.0</ele>
      </trkpt>
      <trkpt lat="33.203351804986596" lon="-96.70867539010942">
        <ele>187.4</ele>
      </trkpt>
      <trkpt lat="33.20332967676222" lon="-96.70865778811276">
        <ele>187.0</ele>
      </trkpt>
      <trkpt lat="33.20328751578927" lon="-96.70862099155784">
        <ele>187.0</ele>
      </trkpt>
      <trkpt lat="33.203184083104134" lon="-96.7084588855505">
        <ele>186.0</ele>
      </trkpt>
      <trkpt lat="33.20308668538928" lon="-96.70831798575819">
        <ele>185.2</ele>
      </trkpt>
      <trkpt lat="33.203022396191955" lon="-96.70822804793715">
        <ele>185.0</ele>
      </trkpt>
      <trkpt lat="33.20297487080097" lon="-96.70820985920727">
        <ele>185.0</ele>
      </trkpt>
      <trkpt lat="33.20289608091116" lon="-96.70820214785635">
        <ele>184.8</ele>
      </trkpt>
      <trkpt lat="33.202748307958245" lon="-96.70816929079592">
        <ele>184.4</ele>
      </trkpt>
      <trkpt lat="33.202700447291136" lon="-96.70815420337021">
        <ele>184.4</ele>
      </trkpt>
      <trkpt lat="33.202574383467436" lon="-96.70812679454684">
        <ele>184.2</ele>
      </trkpt>
      <trkpt lat="33.20249693468213" lon="-96.7081224359572">
        <ele>184.0</ele>
      </trkpt>
      <trkpt lat="33.20242174901068" lon="-96.70813517645001">
        <ele>183.8</ele>
      </trkpt>
      <trkpt lat="33.20228671655059" lon="-96.70816937461495">
        <ele>183.6</ele>
      </trkpt>
      <trkpt lat="33.20223558694124" lon="-96.70818655751646">
        <ele>183.6</ele>
      </trkpt>
      <trkpt lat="33.20208890363574" lon="-96.70825520530343">
        <ele>183.4</ele>
      </trkpt>
      <trkpt lat="33.20206493139267" lon="-96.7082688678056">
        <ele>183.4</ele>
      </trkpt>
      <trkpt lat="33.20192579180002" lon="-96.70833198353648">
        <ele>183.4</ele>
      </trkpt>
      <trkpt lat="33.20187826640904" lon="-96.70835142955184">
        <ele>183.4</ele>
      </trkpt>
      <trkpt lat="33.20173946209252" lon="-96.70841462910175">
        <ele>183.6</ele>
      </trkpt>
      <trkpt lat="33.20169017650187" lon="-96.70843390747905">
        <ele>183.6</ele>
      </trkpt>
      <trkpt lat="33.20155958645046" lon="-96.70850330963731">
        <ele>183.8</ele>
      </trkpt>
      <trkpt lat="33.20148934610188" lon="-96.70853407122195">
        <ele>183.8</ele>
      </trkpt>
      <trkpt lat="33.20135783404112" lon="-96.7085852008313">
        <ele>184.4</ele>
      </trkpt>
      <trkpt lat="33.201334197074175" lon="-96.70858846977353">
        <ele>184.4</ele>
      </trkpt>
      <trkpt lat="33.20118642412126" lon="-96.70861730352044">
        <ele>184.8</ele>
      </trkpt>
      <trkpt lat="33.20116253569722" lon="-96.70862350612879">
        <ele>185.0</ele>
      </trkpt>
      <trkpt lat="33.20114032365382" lon="-96.7086314689368">
        <ele>185.2</ele>
      </trkpt>
      <trkpt lat="33.2009893655777" lon="-96.70865653082728">
        <ele>186.0</ele>
      </trkpt>
      <trkpt lat="33.20094150491059" lon="-96.70866566710174">
        <ele>186.2</ele>
      </trkpt>
      <trkpt lat="33.20078945718706" lon="-96.70870263129473">
        <ele>187.0</ele>
      </trkpt>
      <trkpt lat="33.200740087777376" lon="-96.70871562324464">
        <ele>187.2</ele>
      </trkpt>
      <trkpt lat="33.20059793069959" lon="-96.70874998904765">
        <ele>186.8</ele>
      </trkpt>
      <trkpt lat="33.20055618882179" lon="-96.70875803567469">
        <ele>186.6</ele>
      </trkpt>
      <trkpt lat="33.20041579194367" lon="-96.70878653414547">
        <ele>186.2</ele>
      </trkpt>
      <trkpt lat="33.20039290934801" lon="-96.70878787524998">
        <ele>186.2</ele>
      </trkpt>
      <trkpt lat="33.20034840144217" lon="-96.70878728851676">
        <ele>186.0</ele>
      </trkpt>
      <trkpt lat="33.200200628489256" lon="-96.70880514197052">
        <ele>186.4</ele>
      </trkpt>
      <trkpt lat="33.20006459020078" lon="-96.70886264182627">
        <ele>186.6</ele>
      </trkpt>
      <trkpt lat="33.199922014027834" lon="-96.70891335234046">
        <ele>186.6</ele>
      </trkpt>
      <trkpt lat="33.199898125603795" lon="-96.70891863293946">
        <ele>186.6</ele>
      </trkpt>
      <trkpt lat="33.19975219666958" lon="-96.70892558991909">
        <ele>186.8</ele>
      </trkpt>
      <trkpt lat="33.199699809774756" lon="-96.70893472619355">
        <ele>187.0</ele>
      </trkpt>
      <trkpt lat="33.19967449642718" lon="-96.70894159935415">
        <ele>187.0</ele>
      </trkpt>
      <trkpt lat="33.19952353835106" lon="-96.709004631266">
        <ele>187.2</ele>
      </trkpt>
      <trkpt lat="33.1995006557554" lon="-96.70901720412076">
        <ele>187.2</ele>
      </trkpt>
      <trkpt lat="33.199363024905324" lon="-96.70910353772342">
        <ele>187.4</ele>
      </trkpt>
      <trkpt lat="33.19933846592903" lon="-96.70911284163594">
        <ele>187.4</ele>
      </trkpt>
      <trkpt lat="33.199185663834214" lon="-96.70913966372609">
        <ele>187.4</ele>
      </trkpt>
      <trkpt lat="33.1991259008646" lon="-96.70911720022559">
        <ele>184.2</ele>
      </trkpt>
      <trkpt lat="33.1990828178823" lon="-96.70913865789771">
        <ele>184.0</ele>
      </trkpt>
      <trkpt lat="33.19903529249132" lon="-96.70915827155113">
        <ele>183.8</ele>
      </trkpt>
      <trkpt lat="33.198896488174796" lon="-96.70920143835247">
        <ele>183.6</ele>
      </trkpt>
      <trkpt lat="33.198796240612864" lon="-96.70923764817417">
        <ele>183.6</ele>
      </trkpt>
      <trkpt lat="33.198654502630234" lon="-96.70930872671306">
        <ele>183.8</ele>
      </trkpt>
      <trkpt lat="33.1985835917294" lon="-96.7093360517174">
        <ele>183.8</ele>
      </trkpt>
      <trkpt lat="33.19844210520387" lon="-96.70937150716782">
        <ele>184.0</ele>
      </trkpt>
      <trkpt lat="33.19839441217482" lon="-96.70938081108034">
        <ele>184.2</ele>
      </trkpt>
      <trkpt lat="33.19825753569603" lon="-96.70939547941089">
        <ele>185.0</ele>
      </trkpt>
      <trkpt lat="33.198215709999204" lon="-96.70939707197249">
        <ele>185.4</ele>
      </trkpt>
      <trkpt lat="33.19808746688068" lon="-96.70939321629703">
        <ele>185.8</ele>
      </trkpt>
      <trkpt lat="33.19802007637918" lon="-96.70939086936414">
        <ele>186.0</ele>
      </trkpt>
      <trkpt lat="33.1979500874877" lon="-96.7093828227371">
        <ele>186.4</ele>
      </trkpt>
      <trkpt lat="33.197803907096386" lon="-96.7093807272613">
        <ele>187.2</ele>
      </trkpt>
      <trkpt lat="33.19764968007803" lon="-96.70937838032842">
        <ele>187.6</ele>
      </trkpt>
      <trkpt lat="33.19759980775416" lon="-96.70937519520521">
        <ele>187.6</ele>
      </trkpt>
      <trkpt lat="33.19744541309774" lon="-96.70931979082525">
        <ele>188.0</ele>
      </trkpt>
      <trkpt lat="33.19741724990308" lon="-96.7093104030937">
        <ele>188.0</ele>
      </trkpt>
      <trkpt lat="33.19727039895952" lon="-96.70925558544695">
        <ele>188.0</ele>
      </trkpt>
      <trkpt lat="33.1972486898303" lon="-96.70924267731607">
        <ele>188.0</ele>
      </trkpt>
      <trkpt lat="33.19710678420961" lon="-96.70917520299554">
        <ele>188.0</ele>
      </trkpt>
      <trkpt lat="33.1970348674804" lon="-96.70913849025965">
        <ele>188.0</ele>
      </trkpt>
      <trkpt lat="33.19689220748842" lon="-96.70907135121524">
        <ele>187.4</ele>
      </trkpt>
      <trkpt lat="33.19681911729276" lon="-96.70903983525932">
        <ele>187.4</ele>
      </trkpt>
      <trkpt lat="33.1966825760901" lon="-96.7089784797281">
        <ele>186.8</ele>
      </trkpt>
      <trkpt lat="33.1965840049088" lon="-96.70893833041191">
        <ele>186.4</ele>
      </trkpt>
      <trkpt lat="33.19643195718527" lon="-96.70888409949839">
        <ele>185.6</ele>
      </trkpt>
      <trkpt lat="33.19638267159462" lon="-96.70886783860624">
        <ele>185.4</ele>
      </trkpt>
      <trkpt lat="33.196332547813654" lon="-96.70885132625699">
        <ele>185.2</ele>
      </trkpt>
      <trkpt lat="33.19617547094822" lon="-96.70882098376751">
        <ele>184.6</ele>
      </trkpt>
      <trkpt lat="33.19614797830582" lon="-96.70881603844464">
        <ele>184.4</ele>
      </trkpt>
      <trkpt lat="33.19607228972018" lon="-96.70880028046668">
        <ele>184.0</ele>
      </trkpt>
      <trkpt lat="33.195952931419015" lon="-96.70876021496952">
        <ele>183.4</ele>
      </trkpt>
      <trkpt lat="33.19590196944773" lon="-96.70874579809606">
        <ele>183.2</ele>
      </trkpt>
      <trkpt lat="33.195749670267105" lon="-96.70869089663029">
        <ele>183.0</ele>
      </trkpt>
      <trkpt lat="33.19572544656694" lon="-96.70868276618421">
        <ele>183.0</ele>
      </trkpt>
      <trkpt lat="33.195579098537564" lon="-96.70863817445934">
        <ele>182.8</ele>
      </trkpt>
      <trkpt lat="33.1955030746758" lon="-96.70862199738622">
        <ele>182.6</ele>
      </trkpt>
      <trkpt lat="33.19535278715193" lon="-96.70857933349907">
        <ele>182.4</ele>
      </trkpt>
      <trkpt lat="33.195277182385325" lon="-96.7085558641702">
        <ele>182.4</ele>
      </trkpt>
      <trkpt lat="33.195130079984665" lon="-96.70849735848606">
        <ele>182.4</ele>
      </trkpt>
      <trkpt lat="33.19501164369285" lon="-96.7084520123899">
        <ele>182.4</ele>
      </trkpt>
      <trkpt lat="33.19494115188718" lon="-96.70842275954783">
        <ele>182.2</ele>
      </trkpt>
      <trkpt lat="33.194799330085516" lon="-96.70836685225368">
        <ele>182.2</ele>
      </trkpt>
      <trkpt lat="33.19475121796131" lon="-96.7083521001041">
        <ele>182.2</ele>
      </trkpt>
      <trkpt lat="33.194607803598046" lon="-96.70832184143364">
        <ele>182.4</ele>
      </trkpt>
      <trkpt lat="33.194534964859486" lon="-96.70829309150577">
        <ele>182.4</ele>
      </trkpt>
      <trkpt lat="33.19444150663912" lon="-96.70825889334083">
        <ele>182.4</ele>
      </trkpt>
      <trkpt lat="33.194395238533616" lon="-96.70824129134417">
        <ele>182.4</ele>
      </trkpt>
      <trkpt lat="33.194255428388715" lon="-96.70818295329809">
        <ele>182.4</ele>
      </trkpt>
      <trkpt lat="33.19418275728822" lon="-96.7081597354263">
        <ele>182.8</ele>
      </trkpt>
      <trkpt lat="33.194040935486555" lon="-96.7081153113395">
        <ele>183.0</ele>
      </trkpt>
      <trkpt lat="33.19399584084749" lon="-96.7080978769809">
        <ele>183.0</ele>
      </trkpt>
      <trkpt lat="33.1938520912081" lon="-96.70805881731212">
        <ele>183.0</ele>
      </trkpt>
      <trkpt lat="33.19375737570226" lon="-96.7080376110971">
        <ele>183.4</ele>
      </trkpt>
      <trkpt lat="33.19363567046821" lon="-96.70800936408341">
        <ele>183.8</ele>
      </trkpt>
      <trkpt lat="33.193614380434155" lon="-96.70800844207406">
        <ele>183.8</ele>
      </trkpt>
      <trkpt lat="33.19348211400211" lon="-96.70800508931279">
        <ele>183.8</ele>
      </trkpt>
      <trkpt lat="33.193443892523646" lon="-96.70799528248608">
        <ele>183.8</ele>
      </trkpt>
      <trkpt lat="33.19330768659711" lon="-96.70794180594385">
        <ele>184.2</ele>
      </trkpt>
      <trkpt lat="33.19315857253969" lon="-96.70788799412549">
        <ele>184.4</ele>
      </trkpt>
      <trkpt lat="33.193080285564065" lon="-96.7078753374517">
        <ele>184.2</ele>
      </trkpt>
      <trkpt lat="33.19299998693168" lon="-96.70786620117724">
        <ele>184.4</ele>
      </trkpt>
      <trkpt lat="33.19286160171032" lon="-96.70784147456288">
        <ele>185.2</ele>
      </trkpt>
      <trkpt lat="33.19269706495106" lon="-96.70781238935888">
        <ele>185.4</ele>
      </trkpt>
      <trkpt lat="33.19258684292436" lon="-96.70779705047607">
        <ele>185.6</ele>
      </trkpt>
      <trkpt lat="33.19243202917278" lon="-96.7077870760113">
        <ele>185.8</ele>
      </trkpt>
      <trkpt lat="33.19240914657712" lon="-96.70779319480062">
        <ele>185.8</ele>
      </trkpt>
      <trkpt lat="33.19229917600751" lon="-96.70784994028509">
        <ele>186.0</ele>
      </trkpt>
      <trkpt lat="33.192173866555095" lon="-96.70784533023834">
        <ele>186.6</ele>
      </trkpt>
      <trkpt lat="33.19214972667396" lon="-96.70784465968609">
        <ele>186.6</ele>
      </trkpt>
      <trkpt lat="33.192029194906354" lon="-96.70783426612616">
        <ele>187.0</ele>
      </trkpt>
      <trkpt lat="33.192020980641246" lon="-96.7078185081482">
        <ele>187.0</ele>
      </trkpt>
      <trkpt lat="33.19199189543724" lon="-96.7077939491719">
        <ele>187.8</ele>
      </trkpt>
      <trkpt lat="33.1919851899147" lon="-96.70777902938426">
        <ele>187.8</ele>
      </trkpt>
      <trkpt lat="33.19197622127831" lon="-96.70776293613017">
        <ele>187.8</ele>
      </trkpt>
      <trkpt lat="33.19196599535644" lon="-96.70774449594319">
        <ele>187.6</ele>
      </trkpt>
      <trkpt lat="33.191904220730066" lon="-96.70771985314786">
        <ele>186.6</ele>
      </trkpt>
      <trkpt lat="33.19187052547932" lon="-96.70768649317324">
        <ele>186.2</ele>
      </trkpt>
      <trkpt lat="33.19184496067464" lon="-96.70754039660096">
        <ele>186.0</ele>
      </trkpt>
      <trkpt lat="33.19184320047498" lon="-96.70742724090815">
        <ele>186.0</ele>
      </trkpt>
      <trkpt lat="33.19182752631605" lon="-96.70725516043603">
        <ele>186.2</ele>
      </trkpt>
      <trkpt lat="33.19181998260319" lon="-96.70718844048679">
        <ele>186.2</ele>
      </trkpt>
      <trkpt lat="33.191786874085665" lon="-96.7069981712848">
        <ele>186.4</ele>
      </trkpt>
      <trkpt lat="33.19178377278149" lon="-96.70696623623371">
        <ele>186.4</ele>
      </trkpt>
      <trkpt lat="33.191779581829906" lon="-96.70676859095693">
        <ele>186.0</ele>
      </trkpt>
      <trkpt lat="33.191777653992176" lon="-96.7067386675626">
        <ele>186.0</ele>
      </trkpt>
      <trkpt lat="33.191764913499355" lon="-96.70655770227313">
        <ele>185.8</ele>
      </trkpt>
      <trkpt lat="33.19176457822323" lon="-96.70652769505978">
        <ele>185.8</ele>
      </trkpt>
      <trkpt lat="33.19173473864794" lon="-96.70636282302439">
        <ele>185.8</ele>
      </trkpt>
      <trkpt lat="33.19172945804894" lon="-96.70633633621037">
        <ele>185.8</ele>
      </trkpt>
      <trkpt lat="33.191708251833916" lon="-96.70625444501638">
        <ele>185.6</ele>
      </trkpt>
      <trkpt lat="33.19165091961622" lon="-96.70609971508384">
        <ele>185.0</ele>
      </trkpt>
      <trkpt lat="33.19164295680821" lon="-96.70607339590788">
        <ele>185.0</ele>
      </trkpt>
      <trkpt lat="33.19160004146397" lon="-96.7059119604528">
        <ele>184.8</ele>
      </trkpt>
      <trkpt lat="33.191593838855624" lon="-96.70588689856231">
        <ele>184.8</ele>
      </trkpt>
      <trkpt lat="33.19151119329035" lon="-96.7057166621089">
        <ele>184.8</ele>
      </trkpt>
      <trkpt lat="33.19149283692241" lon="-96.70568606816232">
        <ele>184.8</ele>
      </trkpt>
      <trkpt lat="33.19138496182859" lon="-96.70551968738437">
        <ele>184.6</ele>
      </trkpt>
      <trkpt lat="33.191359816119075" lon="-96.70546369627118">
        <ele>184.8</ele>
      </trkpt>
      <trkpt lat="33.19129326380789" lon="-96.70529924333096">
        <ele>185.0</ele>
      </trkpt>
      <trkpt lat="33.19127163849771" lon="-96.7052430845797">
        <ele>185.0</ele>
      </trkpt>
      <trkpt lat="33.191183879971504" lon="-96.70510796830058">
        <ele>185.0</ele>
      </trkpt>
      <trkpt lat="33.19116476923227" lon="-96.70508340932429">
        <ele>185.0</ele>
      </trkpt>
      <trkpt lat="33.191057397052646" lon="-96.70494619756937">
        <ele>185.0</ele>
      </trkpt>
      <trkpt lat="33.19103660993278" lon="-96.70489590615034">
        <ele>185.0</ele>
      </trkpt>
      <trkpt lat="33.19095438346267" lon="-96.70474193058908">
        <ele>185.0</ele>
      </trkpt>
      <trkpt lat="33.190914234146476" lon="-96.70469733886421">
        <ele>184.8</ele>
      </trkpt>
      <trkpt lat="33.19080552086234" lon="-96.70455970801413">
        <ele>184.8</ele>
      </trkpt>
      <trkpt lat="33.19079328328371" lon="-96.70453313738108">
        <ele>184.8</ele>
      </trkpt>
      <trkpt lat="33.19070326164365" lon="-96.70438251458108">
        <ele>184.6</ele>
      </trkpt>
      <trkpt lat="33.19068431854248" lon="-96.70436122454703">
        <ele>184.6</ele>
      </trkpt>
      <trkpt lat="33.19062707014382" lon="-96.70430146157742">
        <ele>184.6</ele>
      </trkpt>
      <trkpt lat="33.19052388891578" lon="-96.70421772636473">
        <ele>184.4</ele>
      </trkpt>
      <trkpt lat="33.190410900861025" lon="-96.704096859321">
        <ele>184.2</ele>
      </trkpt>
      <trkpt lat="33.190377205610275" lon="-96.70404748991132">
        <ele>184.2</ele>
      </trkpt>
      <trkpt lat="33.19025608710945" lon="-96.70392343774438">
        <ele>184.0</ele>
      </trkpt>
      <trkpt lat="33.19019531831145" lon="-96.7038674466312">
        <ele>184.0</ele>
      </trkpt>
      <trkpt lat="33.19009213708341" lon="-96.70373593457043">
        <ele>183.8</ele>
      </trkpt>
      <trkpt lat="33.190060118213296" lon="-96.70369444414973">
        <ele>183.8</ele>
      </trkpt>
      <trkpt lat="33.189964313060045" lon="-96.70355723239481">
        <ele>183.6</ele>
      </trkpt>
      <trkpt lat="33.18993028253317" lon="-96.70351473614573">
        <ele>183.4</ele>
      </trkpt>
      <trkpt lat="33.18982969969511" lon="-96.70338230207562">
        <ele>183.2</ele>
      </trkpt>
      <trkpt lat="33.18977823480964" lon="-96.70331239700317">
        <ele>183.4</ele>
      </trkpt>
      <trkpt lat="33.18968611769378" lon="-96.703169234097">
        <ele>183.4</ele>
      </trkpt>
      <trkpt lat="33.189652087166905" lon="-96.70311156660318">
        <ele>183.4</ele>
      </trkpt>
      <trkpt lat="33.189550917595625" lon="-96.70294627547264">
        <ele>183.6</ele>
      </trkpt>
      <trkpt lat="33.189535830169916" lon="-96.70291844755411">
        <ele>183.6</ele>
      </trkpt>
      <trkpt lat="33.18946081213653" lon="-96.70273723080754">
        <ele>184.6</ele>
      </trkpt>
      <trkpt lat="33.18943206220865" lon="-96.70268174260855">
        <ele>184.8</ele>
      </trkpt>
      <trkpt lat="33.189366683363914" lon="-96.70253883115947">
        <ele>185.4</ele>
      </trkpt>
      <trkpt lat="33.189354445785284" lon="-96.70251653529704">
        <ele>185.6</ele>
      </trkpt>
      <trkpt lat="33.18934245966375" lon="-96.70249750837684">
        <ele>185.6</ele>
      </trkpt>
      <trkpt lat="33.18930457346141" lon="-96.70235526748002">
        <ele>186.0</ele>
      </trkpt>
      <trkpt lat="33.18929770030081" lon="-96.70232819393277">
        <ele>186.0</ele>
      </trkpt>
      <trkpt lat="33.18924288265407" lon="-96.70215929858387">
        <ele>186.2</ele>
      </trkpt>
      <trkpt lat="33.18922704085708" lon="-96.70213155448437">
        <ele>186.2</ele>
      </trkpt>
      <trkpt lat="33.18917842581868" lon="-96.70201973989606">
        <ele>186.8</ele>
      </trkpt>
      <trkpt lat="33.18915504030883" lon="-96.70193323865533">
        <ele>187.2</ele>
      </trkpt>
      <trkpt lat="33.18912997841835" lon="-96.7018221784383">
        <ele>187.8</ele>
      </trkpt>
      <trkpt lat="33.18911195732653" lon="-96.70173852704465">
        <ele>188.0</ele>
      </trkpt>
      <trkpt lat="33.189056385308504" lon="-96.7015803605318">
        <ele>188.4</ele>
      </trkpt>
      <trkpt lat="33.18899997510016" lon="-96.70149084180593">
        <ele>188.8</ele>
      </trkpt>
      <trkpt lat="33.18896929733455" lon="-96.70141951180995">
        <ele>189.2</ele>
      </trkpt>
      <trkpt lat="33.18893007002771" lon="-96.70130174607038">
        <ele>190.0</ele>
      </trkpt>
      <trkpt lat="33.18892177194357" lon="-96.70127123594284">
        <ele>190.2</ele>
      </trkpt>
      <trkpt lat="33.188885897397995" lon="-96.70113679021597">
        <ele>191.0</ele>
      </trkpt>
      <trkpt lat="33.188865864649415" lon="-96.70108180493116">
        <ele>191.4</ele>
      </trkpt>
      <trkpt lat="33.18880568258464" lon="-96.70095465146005">
        <ele>192.2</ele>
      </trkpt>
      <trkpt lat="33.18875513970852" lon="-96.70085272751749">
        <ele>192.6</ele>
      </trkpt>
      <trkpt lat="33.188706105574965" lon="-96.70068852603436">
        <ele>193.0</ele>
      </trkpt>
      <trkpt lat="33.18870208226144" lon="-96.70065835118294">
        <ele>193.4</ele>
      </trkpt>
      <trkpt lat="33.18867995403707" lon="-96.70047503896058">
        <ele>194.4</ele>
      </trkpt>
      <trkpt lat="33.18866587243974" lon="-96.7003923933953">
        <ele>194.6</ele>
      </trkpt>
      <trkpt lat="33.188624968752265" lon="-96.70024713501334">
        <ele>195.0</ele>
      </trkpt>
      <trkpt lat="33.18860267288983" lon="-96.70020120218396">
        <ele>195.2</ele>
      </trkpt>
      <trkpt lat="33.18857677280903" lon="-96.70015350915492">
        <ele>195.4</ele>
      </trkpt>
      <trkpt lat="33.188534611836076" lon="-96.70002250000834">
        <ele>196.0</ele>
      </trkpt>
      <trkpt lat="33.188522793352604" lon="-96.69985335320234">
        <ele>196.4</ele>
      </trkpt>
      <trkpt lat="33.188516004011035" lon="-96.69976291246712">
        <ele>196.8</ele>
      </trkpt>
      <trkpt lat="33.188497899100184" lon="-96.69956761412323">
        <ele>197.2</ele>
      </trkpt>
      <trkpt lat="33.18848532624543" lon="-96.69950659386814">
        <ele>197.4</ele>
      </trkpt>
      <trkpt lat="33.18846881389618" lon="-96.69944884255528">
        <ele>197.6</ele>
      </trkpt>
      <trkpt lat="33.18842740729451" lon="-96.6993101220578">
        <ele>198.0</ele>
      </trkpt>
      <trkpt lat="33.188389018177986" lon="-96.69914365746081">
        <ele>198.4</ele>
      </trkpt>
      <trkpt lat="33.188388012349606" lon="-96.69908531941473">
        <ele>198.6</ele>
      </trkpt>
      <trkpt lat="33.18839413113892" lon="-96.69902295805514">
        <ele>198.6</ele>
      </trkpt>
      <trkpt lat="33.188408548012376" lon="-96.69883587397635">
        <ele>198.8</ele>
      </trkpt>
      <trkpt lat="33.18840737454593" lon="-96.69874275103211">
        <ele>198.8</ele>
      </trkpt>
      <trkpt lat="33.188370829448104" lon="-96.6985622048378">
        <ele>199.0</ele>
      </trkpt>
      <trkpt lat="33.18836873397231" lon="-96.69853035360575">
        <ele>199.0</ele>
      </trkpt>
      <trkpt lat="33.188383653759956" lon="-96.69833773747087">
        <ele>199.2</ele>
      </trkpt>
      <trkpt lat="33.18839404731989" lon="-96.69824335724115">
        <ele>199.0</ele>
      </trkpt>
      <trkpt lat="33.18838516250253" lon="-96.69803246855736">
        <ele>198.8</ele>
      </trkpt>
      <trkpt lat="33.188379211351275" lon="-96.69800053350627">
        <ele>198.8</ele>
      </trkpt>
      <trkpt lat="33.18838784471154" lon="-96.69781973585486">
        <ele>198.4</ele>
      </trkpt>
      <trkpt lat="33.18839446641505" lon="-96.69779056683183">
        <ele>198.4</ele>
      </trkpt>
      <trkpt lat="33.18841014057398" lon="-96.69763952493668">
        <ele>198.2</ele>
      </trkpt>
      <trkpt lat="33.18840192630887" lon="-96.69748010113835">
        <ele>198.0</ele>
      </trkpt>
      <trkpt lat="33.18842774257064" lon="-96.69731095433235">
        <ele>197.8</ele>
      </trkpt>
      <trkpt lat="33.18843453191221" lon="-96.69728421606123">
        <ele>197.8</ele>
      </trkpt>
      <trkpt lat="33.18847275339067" lon="-96.69711054302752">
        <ele>197.8</ele>
      </trkpt>
      <trkpt lat="33.18848239257932" lon="-96.69701817445457">
        <ele>197.6</ele>
      </trkpt>
      <trkpt lat="33.18848549388349" lon="-96.69695866294205">
        <ele>197.6</ele>
      </trkpt>
      <trkpt lat="33.18850896321237" lon="-96.69678892940283">
        <ele>197.4</ele>
      </trkpt>
      <trkpt lat="33.18852212280035" lon="-96.6967317648232">
        <ele>197.2</ele>
      </trkpt>
      <trkpt lat="33.188554560765624" lon="-96.69657326303422">
        <ele>196.8</ele>
      </trkpt>
      <trkpt lat="33.18855598568916" lon="-96.69655079953372">
        <ele>196.8</ele>
      </trkpt>
      <trkpt lat="33.18857199512422" lon="-96.69638458639383">
        <ele>196.6</ele>
      </trkpt>
      <trkpt lat="33.18858087994158" lon="-96.69635348953307">
        <ele>196.6</ele>
      </trkpt>
      <trkpt lat="33.18858657963574" lon="-96.69632121920586">
        <ele>196.6</ele>
      </trkpt>
      <trkpt lat="33.188595129176974" lon="-96.69625651091337">
        <ele>196.4</ele>
      </trkpt>
      <trkpt lat="33.18860510364175" lon="-96.69613011181355">
        <ele>196.2</ele>
      </trkpt>
      <trkpt lat="33.188611054793" lon="-96.69609968550503">
        <ele>195.8</ele>
      </trkpt>
      <trkpt lat="33.188665956258774" lon="-96.69592902995646">
        <ele>195.8</ele>
      </trkpt>
      <trkpt lat="33.18868439644575" lon="-96.69587479904294">
        <ele>196.0</ele>
      </trkpt>
      <trkpt lat="33.188700657337904" lon="-96.69581696391106">
        <ele>196.0</ele>
      </trkpt>
      <trkpt lat="33.18875287659466" lon="-96.69570623897016">
        <ele>196.0</ele>
      </trkpt>
      <trkpt lat="33.18877408280969" lon="-96.6956471465528">
        <ele>196.2</ele>
      </trkpt>
      <trkpt lat="33.188755977898836" lon="-96.69546802528203">
        <ele>196.4</ele>
      </trkpt>
      <trkpt lat="33.18875212222338" lon="-96.69543751515448">
        <ele>196.4</ele>
      </trkpt>
      <trkpt lat="33.18875765427947" lon="-96.6952583938837">
        <ele>196.4</ele>
      </trkpt>
      <trkpt lat="33.18877047859132" lon="-96.69519854709506">
        <ele>196.4</ele>
      </trkpt>
      <trkpt lat="33.188812052831054" lon="-96.69505136087537">
        <ele>196.4</ele>
      </trkpt>
      <trkpt lat="33.188822446390986" lon="-96.69499511830509">
        <ele>196.4</ele>
      </trkpt>
      <trkpt lat="33.18882789462805" lon="-96.69492973946035">
        <ele>196.6</ele>
      </trkpt>
      <trkpt lat="33.1888285651803" lon="-96.69479596428573">
        <ele>196.6</ele>
      </trkpt>
      <trkpt lat="33.18883250467479" lon="-96.69465095736086">
        <ele>196.8</ele>
      </trkpt>
      <trkpt lat="33.18883988074958" lon="-96.69453612528741">
        <ele>196.8</ele>
      </trkpt>
      <trkpt lat="33.18886410444975" lon="-96.69436329044402">
        <ele>196.8</ele>
      </trkpt>
      <trkpt lat="33.188866870477796" lon="-96.69433420524001">
        <ele>196.6</ele>
      </trkpt>
      <trkpt lat="33.18887785077095" lon="-96.6941689979285">
        <ele>196.2</ele>
      </trkpt>
      <trkpt lat="33.188879024237394" lon="-96.69413815252483">
        <ele>196.2</ele>
      </trkpt>
      <trkpt lat="33.18889117799699" lon="-96.69395073316991">
        <ele>196.6</ele>
      </trkpt>
      <trkpt lat="33.188894195482135" lon="-96.69386909343302">
        <ele>196.6</ele>
      </trkpt>
      <trkpt lat="33.1888943631202" lon="-96.69362710788846">
        <ele>197.0</ele>
      </trkpt>
      <trkpt lat="33.18885697983205" lon="-96.69356994330883">
        <ele>197.0</ele>
      </trkpt>
      <trkpt lat="33.18876234814525" lon="-96.69356047175825">
        <ele>197.0</ele>
      </trkpt>
      <trkpt lat="33.18859160877764" lon="-96.69360707513988">
        <ele>197.0</ele>
      </trkpt>
      <trkpt lat="33.18853955715895" lon="-96.69362526386976">
        <ele>197.0</ele>
      </trkpt>
      <trkpt lat="33.18837745115161" lon="-96.693628532812">
        <ele>197.2</ele>
      </trkpt>
      <trkpt lat="33.188356161117554" lon="-96.6936287842691">
        <ele>197.2</ele>
      </trkpt>
      <trkpt lat="33.18823227658868" lon="-96.69361487030983">
        <ele>197.6</ele>
      </trkpt>
      <trkpt lat="33.18814870901406" lon="-96.69360221363604">
        <ele>198.0</ele>
      </trkpt>
      <trkpt lat="33.18798853084445" lon="-96.69358318671584">
        <ele>198.0</ele>
      </trkpt>
      <trkpt lat="33.18793731741607" lon="-96.69358620420098">
        <ele>197.8</ele>
      </trkpt>
      <trkpt lat="33.1878134328872" lon="-96.69358595274389">
        <ele>198.2</ele>
      </trkpt>
      <trkpt lat="33.1877391692251" lon="-96.69358871877193">
        <ele>198.4</ele>
      </trkpt>
      <trkpt lat="33.1875681784004" lon="-96.69359483756125">
        <ele>198.6</ele>
      </trkpt>
      <trkpt lat="33.18754303269088" lon="-96.6935936640948">
        <ele>198.8</ele>
      </trkpt>
      <trkpt lat="33.18739634938538" lon="-96.69358561746776">
        <ele>199.2</ele>
      </trkpt>
      <trkpt lat="33.187295347452164" lon="-96.69359659776092">
        <ele>199.4</ele>
      </trkpt>
      <trkpt lat="33.18719744682312" lon="-96.69361151754856">
        <ele>199.8</ele>
      </trkpt>
      <trkpt lat="33.187038861215115" lon="-96.69364311732352">
        <ele>200.0</ele>
      </trkpt>
      <trkpt lat="33.18688899278641" lon="-96.6936821769923">
        <ele>200.4</ele>
      </trkpt>
      <trkpt lat="33.18684121593833" lon="-96.69369332492352">
        <ele>200.8</ele>
      </trkpt>
      <trkpt lat="33.18669134750962" lon="-96.69373121112585">
        <ele>201.4</ele>
      </trkpt>
      <trkpt lat="33.186591351404786" lon="-96.69375048950315">
        <ele>201.2</ele>
      </trkpt>
      <trkpt lat="33.18645020015538" lon="-96.69379835017025">
        <ele>201.0</ele>
      </trkpt>
      <trkpt lat="33.186354059726" lon="-96.69382844120264">
        <ele>201.0</ele>
      </trkpt>
      <trkpt lat="33.18619958125055" lon="-96.69386942870915">
        <ele>200.6</ele>
      </trkpt>
      <trkpt lat="33.1861746031791" lon="-96.69387848116457">
        <ele>200.6</ele>
      </trkpt>
      <trkpt lat="33.186125569045544" lon="-96.69390060938895">
        <ele>200.6</ele>
      </trkpt>
      <trkpt lat="33.18599891848862" lon="-96.69397973455489">
        <ele>200.2</ele>
      </trkpt>
      <trkpt lat="33.18595533259213" lon="-96.69400680810213">
        <ele>200.2</ele>
      </trkpt>
      <trkpt lat="33.18580244667828" lon="-96.69408266432583">
        <ele>200.4</ele>
      </trkpt>
      <trkpt lat="33.18576120771468" lon="-96.69409825466573">
        <ele>200.4</ele>
      </trkpt>
      <trkpt lat="33.18561578169465" lon="-96.69414821080863">
        <ele>200.4</ele>
      </trkpt>
      <trkpt lat="33.18559222854674" lon="-96.69416623190045">
        <ele>200.4</ele>
      </trkpt>
      <trkpt lat="33.18544722162187" lon="-96.69424686580896">
        <ele>200.4</ele>
      </trkpt>
      <trkpt lat="33.185378992930055" lon="-96.69429112225771">
        <ele>200.4</ele>
      </trkpt>
      <trkpt lat="33.18527748808265" lon="-96.694371169433">
        <ele>200.4</ele>
      </trkpt>
      <trkpt lat="33.18519551306963" lon="-96.69441886246204">
        <ele>200.4</ele>
      </trkpt>
      <trkpt lat="33.18509006872773" lon="-96.69448608532548">
        <ele>200.2</ele>
      </trkpt>
      <trkpt lat="33.18501873873174" lon="-96.69454266317189">
        <ele>200.4</ele>
      </trkpt>
      <trkpt lat="33.18489703349769" lon="-96.69461885467172">
        <ele>200.8</ele>
      </trkpt>
      <trkpt lat="33.18480801768601" lon="-96.6946851555258">
        <ele>201.0</ele>
      </trkpt>
      <trkpt lat="33.184684216976166" lon="-96.69477542862296">
        <ele>201.4</ele>
      </trkpt>
      <trkpt lat="33.18464037962258" lon="-96.69481373392045">
        <ele>201.4</ele>
      </trkpt>
      <trkpt lat="33.18452429026365" lon="-96.69491565786302">
        <ele>201.4</ele>
      </trkpt>
      <trkpt lat="33.184458911418915" lon="-96.69496670365334">
        <ele>201.4</ele>
      </trkpt>
      <trkpt lat="33.184326477348804" lon="-96.69505781494081">
        <ele>201.6</ele>
      </trkpt>
      <trkpt lat="33.18425833247602" lon="-96.69510131701827">
        <ele>201.8</ele>
      </trkpt>
      <trkpt lat="33.18423670716584" lon="-96.69511497952044">
        <ele>201.8</ele>
      </trkpt>
      <trkpt lat="33.184086168184876" lon="-96.69523014687002">
        <ele>202.2</ele>
      </trkpt>
      <trkpt lat="33.18399094976485" lon="-96.69531882740557">
        <ele>202.4</ele>
      </trkpt>
      <trkpt lat="33.18391484208405" lon="-96.69539267197251">
        <ele>202.4</ele>
      </trkpt>
      <trkpt lat="33.18379422649741" lon="-96.69549551792443">
        <ele>202.2</ele>
      </trkpt>
      <trkpt lat="33.18372851237655" lon="-96.69555368833244">
        <ele>202.2</ele>
      </trkpt>
      <trkpt lat="33.18359641358256" lon="-96.69568184763193">
        <ele>202.0</ele>
      </trkpt>
      <trkpt lat="33.1834754627198" lon="-96.6957695223391">
        <ele>202.2</ele>
      </trkpt>
      <trkpt lat="33.18344151601195" lon="-96.6957993619144">
        <ele>202.4</ele>
      </trkpt>
      <trkpt lat="33.183276392519474" lon="-96.69587974436581">
        <ele>202.6</ele>
      </trkpt>
      <trkpt lat="33.183204643428326" lon="-96.6959008667618">
        <ele>203.0</ele>
      </trkpt>
      <trkpt lat="33.18307832814753" lon="-96.69595367275178">
        <ele>203.2</ele>
      </trkpt>
      <trkpt lat="33.18293566815555" lon="-96.69603279791772">
        <ele>203.2</ele>
      </trkpt>
      <trkpt lat="33.18288780748844" lon="-96.69605392031372">
        <ele>203.4</ele>
      </trkpt>
      <trkpt lat="33.18275327794254" lon="-96.69615358114243">
        <ele>203.4</ele>
      </trkpt>
      <trkpt lat="33.18271413445473" lon="-96.6961791459471">
        <ele>203.6</ele>
      </trkpt>
      <trkpt lat="33.18256091326475" lon="-96.6962758731097">
        <ele>203.8</ele>
      </trkpt>
      <trkpt lat="33.1825118791312" lon="-96.69629540294409">
        <ele>204.0</ele>
      </trkpt>
      <trkpt lat="33.1823649443686" lon="-96.69635927304626">
        <ele>204.0</ele>
      </trkpt>
      <trkpt lat="33.182261008769274" lon="-96.69641744345427">
        <ele>204.0</ele>
      </trkpt>
      <trkpt lat="33.182132095098495" lon="-96.6964553296566">
        <ele>204.4</ele>
      </trkpt>
      <trkpt lat="33.18204257637262" lon="-96.69647670350969">
        <ele>204.6</ele>
      </trkpt>
      <trkpt lat="33.181923385709524" lon="-96.69649975374341">
        <ele>205.0</ele>
      </trkpt>
      <trkpt lat="33.18183043040335" lon="-96.69653889723122">
        <ele>205.2</ele>
      </trkpt>
      <trkpt lat="33.181710317730904" lon="-96.69659765437245">
        <ele>205.4</ele>
      </trkpt>
      <trkpt lat="33.18163739517331" lon="-96.69664157554507">
        <ele>205.6</ele>
      </trkpt>
      <trkpt lat="33.18145651370287" lon="-96.69673260301352">
        <ele>205.6</ele>
      </trkpt>
      <trkpt lat="33.181429943069816" lon="-96.6967439185828">
        <ele>205.8</ele>
      </trkpt>
      <trkpt lat="33.18128359504044" lon="-96.69680359773338">
        <ele>206.0</ele>
      </trkpt>
      <trkpt lat="33.1812147796154" lon="-96.69684944674373">
        <ele>206.2</ele>
      </trkpt>
      <trkpt lat="33.181092739105225" lon="-96.69694868847728">
        <ele>206.0</ele>
      </trkpt>
      <trkpt lat="33.18100296892226" lon="-96.69700317084789">
        <ele>206.0</ele>
      </trkpt>
      <trkpt lat="33.18088101223111" lon="-96.69706704095006">
        <ele>206.2</ele>
      </trkpt>
      <trkpt lat="33.18083885125816" lon="-96.69711565598845">
        <ele>206.2</ele>
      </trkpt>
      <trkpt lat="33.18067858926952" lon="-96.69725328683853">
        <ele>206.0</ele>
      </trkpt>
      <trkpt lat="33.18055026233196" lon="-96.69735529460013">
        <ele>206.6</ele>
      </trkpt>
      <trkpt lat="33.18049686960876" lon="-96.69742369093001">
        <ele>206.6</ele>
      </trkpt>
      <trkpt lat="33.18038019351661" lon="-96.69754170812666">
        <ele>206.6</ele>
      </trkpt>
      <trkpt lat="33.18032093346119" lon="-96.69759434647858">
        <ele>206.6</ele>
      </trkpt>
      <trkpt lat="33.18019503727555" lon="-96.697698533535">
        <ele>206.6</ele>
      </trkpt>
      <trkpt lat="33.18015497177839" lon="-96.69773415662348">
        <ele>206.4</ele>
      </trkpt>
      <trkpt lat="33.18003217689693" lon="-96.69782359153032">
        <ele>206.6</ele>
      </trkpt>
      <trkpt lat="33.17998775281012" lon="-96.69785846024752">
        <ele>206.6</ele>
      </trkpt>
      <trkpt lat="33.17981927655637" lon="-96.6979736275971">
        <ele>206.8</ele>
      </trkpt>
      <trkpt lat="33.17971835844219" lon="-96.69804655015469">
        <ele>206.8</ele>
      </trkpt>
      <trkpt lat="33.179603861644864" lon="-96.69811427593231">
        <ele>206.8</ele>
      </trkpt>
      <trkpt lat="33.179474445059896" lon="-96.69818040914834">
        <ele>206.6</ele>
      </trkpt>
      <trkpt lat="33.179429434239864" lon="-96.69820605777204">
        <ele>206.4</ele>
      </trkpt>
      <trkpt lat="33.17929297685623" lon="-96.69826640747488">
        <ele>206.6</ele>
      </trkpt>
      <trkpt lat="33.179243775084615" lon="-96.69828929007053">
        <ele>206.8</ele>
      </trkpt>
      <trkpt lat="33.17912735044956" lon="-96.69835492037237">
        <ele>207.0</ele>
      </trkpt>
      <trkpt lat="33.17902986891568" lon="-96.69839892536402">
        <ele>207.0</ele>
      </trkpt>
      <trkpt lat="33.17900748923421" lon="-96.6984099894762">
        <ele>207.0</ele>
      </trkpt>
      <trkpt lat="33.178895926102996" lon="-96.69845139607787">
        <ele>207.0</ele>
      </trkpt>
      <trkpt lat="33.1787627376616" lon="-96.69850462116301">
        <ele>206.8</ele>
      </trkpt>
      <trkpt lat="33.17861094139516" lon="-96.69854393228889">
        <ele>206.6</ele>
      </trkpt>
      <trkpt lat="33.17854237742722" lon="-96.69856161810458">
        <ele>207.0</ele>
      </trkpt>
      <trkpt lat="33.178399885073304" lon="-96.69861844740808">
        <ele>207.2</ele>
      </trkpt>
      <trkpt lat="33.17835043184459" lon="-96.6986311879009">
        <ele>207.2</ele>
      </trkpt>
      <trkpt lat="33.17814943380654" lon="-96.69864107854664">
        <ele>207.0</ele>
      </trkpt>
      <trkpt lat="33.17812127061188" lon="-96.69864133000374">
        <ele>207.0</ele>
      </trkpt>
      <trkpt lat="33.177950363606215" lon="-96.69866521842778">
        <ele>207.0</ele>
      </trkpt>
      <trkpt lat="33.177812146022916" lon="-96.69866932556033">
        <ele>207.2</ele>
      </trkpt>
      <trkpt lat="33.17767107859254" lon="-96.69866111129522">
        <ele>207.4</ele>
      </trkpt>
      <trkpt lat="33.17753126844764" lon="-96.69863923452795">
        <ele>207.4</ele>
      </trkpt>
      <trkpt lat="33.1774122454226" lon="-96.6986002586782">
        <ele>207.4</ele>
      </trkpt>
      <trkpt lat="33.17733194679022" lon="-96.69858508743346">
        <ele>207.6</ele>
      </trkpt>
      <trkpt lat="33.177219880744815" lon="-96.6985331196338">
        <ele>208.0</ele>
      </trkpt>
      <trkpt lat="33.17706607282162" lon="-96.69852959923446">
        <ele>208.0</ele>
      </trkpt>
      <trkpt lat="33.17701133899391" lon="-96.6985241509974">
        <ele>208.2</ele>
      </trkpt>
      <trkpt lat="33.17689617164433" lon="-96.69847511686385">
        <ele>208.2</ele>
      </trkpt>
      <trkpt lat="33.176745465025306" lon="-96.69844008050859">
        <ele>207.8</ele>
      </trkpt>
      <trkpt lat="33.17669567652047" lon="-96.69841879047453">
        <ele>207.8</ele>
      </trkpt>
      <trkpt lat="33.17662317305803" lon="-96.69838199391961">
        <ele>208.0</ele>
      </trkpt>
      <trkpt lat="33.17657623440027" lon="-96.69836296699941">
        <ele>208.2</ele>
      </trkpt>
    </trkseg>
  </trk>
</gpx>
