<?xml version="1.0" encoding="UTF-8"?>
<gpx creator="Garmin Connect" version="1.1"
  xsi:schemaLocation="http://www.topografix.com/GPX/1/1 http://www.topografix.com/GPX/11.xsd"
  xmlns:ns3="http://www.garmin.com/xmlschemas/TrackPointExtension/v1"
  xmlns="http://www.topografix.com/GPX/1/1"
  xmlns:xsi="http://www.w3.org/2001/XMLSchema-instance" xmlns:ns2="http://www.garmin.com/xmlschemas/GpxExtensions/v3">
  <metadata>
    <name>McKinney Run Club - 6 Mile Loop</name>
    <link href="connect.garmin.com">
      <text>Garmin Connect</text>
    </link>
    <time>2024-04-07T13:59:47.000Z</time>
  </metadata>
  <trk>
    <name>McKinney Run Club - 6 Mile Loop</name>
    <trkseg>
      <trkpt lat="33.17476280964911" lon="-96.69594587758183">
        <ele>219.2</ele>
      </trkpt>
      <trkpt lat="33.1747511588037" lon="-96.69595853425562">
        <ele>219.4</ele>
      </trkpt>
      <trkpt lat="33.174726432189345" lon="-96.69599013403058">
        <ele>219.6</ele>
      </trkpt>
      <trkpt lat="33.174680918455124" lon="-96.69605165719986">
        <ele>219.6</ele>
      </trkpt>
      <trkpt lat="33.17462174221873" lon="-96.6961275972426">
        <ele>219.8</ele>
      </trkpt>
      <trkpt lat="33.174592992290854" lon="-96.69616472907364">
        <ele>219.8</ele>
      </trkpt>
      <trkpt lat="33.17457949742675" lon="-96.69618358835578">
        <ele>219.8</ele>
      </trkpt>
      <trkpt lat="33.17452275194228" lon="-96.69625768437982">
        <ele>219.8</ele>
      </trkpt>
      <trkpt lat="33.174466509371996" lon="-96.69632893055677">
        <ele>220.0</ele>
      </trkpt>
      <trkpt lat="33.17443625070155" lon="-96.69636664912105">
        <ele>220.2</ele>
      </trkpt>
      <trkpt lat="33.17440507002175" lon="-96.69640420004725">
        <ele>220.4</ele>
      </trkpt>
      <trkpt lat="33.17437380552292" lon="-96.69644275680184">
        <ele>220.4</ele>
      </trkpt>
      <trkpt lat="33.17429224960506" lon="-96.69656018726528">
        <ele>220.6</ele>
      </trkpt>
      <trkpt lat="33.174283197149634" lon="-96.69660821557045">
        <ele>220.6</ele>
      </trkpt>
      <trkpt lat="33.17427665926516" lon="-96.69673453085124">
        <ele>221.2</ele>
      </trkpt>
      <trkpt lat="33.17427213303745" lon="-96.69681122526526">
        <ele>221.2</ele>
      </trkpt>
      <trkpt lat="33.174268025904894" lon="-96.69683452695608">
        <ele>221.2</ele>
      </trkpt>
      <trkpt lat="33.17422402091324" lon="-96.69693502597511">
        <ele>221.4</ele>
      </trkpt>
      <trkpt lat="33.17418906837702" lon="-96.69697098433971">
        <ele>221.6</ele>
      </trkpt>
      <trkpt lat="33.17417020909488" lon="-96.69698137789965">
        <ele>221.6</ele>
      </trkpt>
      <trkpt lat="33.17414229735732" lon="-96.69699889607728">
        <ele>221.8</ele>
      </trkpt>
      <trkpt lat="33.174121929332614" lon="-96.69702555052936">
        <ele>222.0</ele>
      </trkpt>
      <trkpt lat="33.17414422519505" lon="-96.69709704816341">
        <ele>222.0</ele>
      </trkpt>
      <trkpt lat="33.174158558249474" lon="-96.69711582362652">
        <ele>222.0</ele>
      </trkpt>
      <trkpt lat="33.174183033406734" lon="-96.69715530239046">
        <ele>222.2</ele>
      </trkpt>
      <trkpt lat="33.17422837950289" lon="-96.69726300984621">
        <ele>222.2</ele>
      </trkpt>
      <trkpt lat="33.17423709668219" lon="-96.69730978086591">
        <ele>222.4</ele>
      </trkpt>
      <trkpt lat="33.17424589768052" lon="-96.69737943448126">
        <ele>222.6</ele>
      </trkpt>
      <trkpt lat="33.17424983717501" lon="-96.69742184691131">
        <ele>222.8</ele>
      </trkpt>
      <trkpt lat="33.1742556206882" lon="-96.69751128181815">
        <ele>223.2</ele>
      </trkpt>
      <trkpt lat="33.17426525987685" lon="-96.69758713804185">
        <ele>223.0</ele>
      </trkpt>
      <trkpt lat="33.17426383495331" lon="-96.69760943390429">
        <ele>222.8</ele>
      </trkpt>
      <trkpt lat="33.174260314553976" lon="-96.69763416051865">
        <ele>222.8</ele>
      </trkpt>
      <trkpt lat="33.174269031733274" lon="-96.69771127402782">
        <ele>222.8</ele>
      </trkpt>
      <trkpt lat="33.174278335645795" lon="-96.69775921851397">
        <ele>222.8</ele>
      </trkpt>
      <trkpt lat="33.174291076138616" lon="-96.6978298779577">
        <ele>223.0</ele>
      </trkpt>
      <trkpt lat="33.17429065704346" lon="-96.69785066507757">
        <ele>223.2</ele>
      </trkpt>
      <trkpt lat="33.17429719492793" lon="-96.69789282605052">
        <ele>223.4</ele>
      </trkpt>
      <trkpt lat="33.17432259209454" lon="-96.697928449139">
        <ele>223.6</ele>
      </trkpt>
      <trkpt lat="33.17434270866215" lon="-96.69798544608057">
        <ele>224.0</ele>
      </trkpt>
      <trkpt lat="33.17431337200105" lon="-96.69802006334066">
        <ele>224.2</ele>
      </trkpt>
      <trkpt lat="33.17429258488119" lon="-96.69803355820477">
        <ele>224.2</ele>
      </trkpt>
      <trkpt lat="33.17423860542476" lon="-96.69808644801378">
        <ele>223.8</ele>
      </trkpt>
      <trkpt lat="33.174238270148635" lon="-96.69811201281846">
        <ele>223.8</ele>
      </trkpt>
      <trkpt lat="33.174245059490204" lon="-96.69825517572463">
        <ele>224.0</ele>
      </trkpt>
      <trkpt lat="33.174246568232775" lon="-96.69836891815066">
        <ele>224.0</ele>
      </trkpt>
      <trkpt lat="33.174286130815744" lon="-96.69850369915366">
        <ele>224.2</ele>
      </trkpt>
      <trkpt lat="33.17432493902743" lon="-96.69857989065349">
        <ele>224.4</ele>
      </trkpt>
      <trkpt lat="33.17432711832225" lon="-96.69859539717436">
        <ele>224.6</ele>
      </trkpt>
      <trkpt lat="33.174310605973005" lon="-96.69862741604447">
        <ele>224.8</ele>
      </trkpt>
      <trkpt lat="33.17429191432893" lon="-96.69868927448988">
        <ele>225.0</ele>
      </trkpt>
      <trkpt lat="33.1742640864104" lon="-96.6987691540271">
        <ele>224.8</ele>
      </trkpt>
      <trkpt lat="33.1742347497493" lon="-96.6989160887897">
        <ele>225.0</ele>
      </trkpt>
      <trkpt lat="33.17422770895064" lon="-96.6989956330508">
        <ele>225.2</ele>
      </trkpt>
      <trkpt lat="33.17423072643578" lon="-96.69913946650922">
        <ele>225.2</ele>
      </trkpt>
      <trkpt lat="33.174233324825764" lon="-96.69916251674294">
        <ele>225.4</ele>
      </trkpt>
      <trkpt lat="33.17423902451992" lon="-96.6991859022528">
        <ele>225.4</ele>
      </trkpt>
      <trkpt lat="33.17424053326249" lon="-96.69932068325579">
        <ele>225.6</ele>
      </trkpt>
      <trkpt lat="33.174222093075514" lon="-96.69939620420337">
        <ele>226.0</ele>
      </trkpt>
      <trkpt lat="33.17420859821141" lon="-96.6995363496244">
        <ele>225.6</ele>
      </trkpt>
      <trkpt lat="33.174233324825764" lon="-96.69962804764509">
        <ele>226.6</ele>
      </trkpt>
      <trkpt lat="33.17424304783344" lon="-96.69965076260269">
        <ele>226.6</ele>
      </trkpt>
      <trkpt lat="33.17427355796099" lon="-96.69972628355026">
        <ele>226.8</ele>
      </trkpt>
      <trkpt lat="33.174279844388366" lon="-96.69975084252656">
        <ele>226.8</ele>
      </trkpt>
      <trkpt lat="33.17431236617267" lon="-96.69987087137997">
        <ele>227.0</ele>
      </trkpt>
      <trkpt lat="33.17432745359838" lon="-96.70001990161836">
        <ele>227.0</ele>
      </trkpt>
      <trkpt lat="33.17432544194162" lon="-96.70006742700934">
        <ele>227.0</ele>
      </trkpt>
      <trkpt lat="33.17432443611324" lon="-96.70011352747679">
        <ele>227.0</ele>
      </trkpt>
      <trkpt lat="33.17430289462209" lon="-96.70025191269815">
        <ele>227.0</ele>
      </trkpt>
      <trkpt lat="33.17426986992359" lon="-96.70034579001367">
        <ele>227.0</ele>
      </trkpt>
      <trkpt lat="33.17425704561174" lon="-96.7004288546741">
        <ele>227.0</ele>
      </trkpt>
      <trkpt lat="33.174266098067164" lon="-96.70057939365506">
        <ele>226.6</ele>
      </trkpt>
      <trkpt lat="33.174269534647465" lon="-96.70060269534588">
        <ele>226.8</ele>
      </trkpt>
      <trkpt lat="33.17427087575197" lon="-96.70062423683703">
        <ele>226.8</ele>
      </trkpt>
      <trkpt lat="33.174255369231105" lon="-96.70077921822667">
        <ele>226.6</ele>
      </trkpt>
      <trkpt lat="33.174257799983025" lon="-96.70080629177392">
        <ele>226.4</ele>
      </trkpt>
      <trkpt lat="33.174268109723926" lon="-96.70085423626006">
        <ele>226.4</ele>
      </trkpt>
      <trkpt lat="33.1742696184665" lon="-96.70096244663">
        <ele>226.6</ele>
      </trkpt>
      <trkpt lat="33.17426836118102" lon="-96.70112547464669">
        <ele>226.4</ele>
      </trkpt>
      <trkpt lat="33.17428168840706" lon="-96.70120694674551">
        <ele>226.4</ele>
      </trkpt>
      <trkpt lat="33.17428101785481" lon="-96.70137626118958">
        <ele>225.6</ele>
      </trkpt>
      <trkpt lat="33.174282694235444" lon="-96.70140341855586">
        <ele>225.6</ele>
      </trkpt>
      <trkpt lat="33.1742849573493" lon="-96.701430240646">
        <ele>225.4</ele>
      </trkpt>
      <trkpt lat="33.17429426126182" lon="-96.70156233943999">
        <ele>225.0</ele>
      </trkpt>
      <trkpt lat="33.174294428899884" lon="-96.70161237940192">
        <ele>225.0</ele>
      </trkpt>
      <trkpt lat="33.174293423071504" lon="-96.70166376046836">
        <ele>224.8</ele>
      </trkpt>
      <trkpt lat="33.17429333925247" lon="-96.70175964944065">
        <ele>224.6</ele>
      </trkpt>
      <trkpt lat="33.17428939975798" lon="-96.70185285620391">
        <ele>224.4</ele>
      </trkpt>
      <trkpt lat="33.17429652437568" lon="-96.70190239325166">
        <ele>224.4</ele>
      </trkpt>
      <trkpt lat="33.174296440556645" lon="-96.70200180262327">
        <ele>224.4</ele>
      </trkpt>
      <trkpt lat="33.1743005476892" lon="-96.70215141959488">
        <ele>224.2</ele>
      </trkpt>
      <trkpt lat="33.17430851049721" lon="-96.7022003699094">
        <ele>223.8</ele>
      </trkpt>
      <trkpt lat="33.17429132759571" lon="-96.70235157944262">
        <ele>223.6</ele>
      </trkpt>
      <trkpt lat="33.17428939975798" lon="-96.70239994302392">
        <ele>223.6</ele>
      </trkpt>
      <trkpt lat="33.17429820075631" lon="-96.70254930853844">
        <ele>222.8</ele>
      </trkpt>
      <trkpt lat="33.174295015633106" lon="-96.70257529243827">
        <ele>222.8</ele>
      </trkpt>
      <trkpt lat="33.17428168840706" lon="-96.70264427550137">
        <ele>222.6</ele>
      </trkpt>
      <trkpt lat="33.17427070811391" lon="-96.70274251140654">
        <ele>222.2</ele>
      </trkpt>
      <trkpt lat="33.17427163012326" lon="-96.70278911478817">
        <ele>222.2</ele>
      </trkpt>
      <trkpt lat="33.17428604699671" lon="-96.70287896879017">
        <ele>222.2</ele>
      </trkpt>
      <trkpt lat="33.17431672476232" lon="-96.70298684388399">
        <ele>222.0</ele>
      </trkpt>
      <trkpt lat="33.17433591932058" lon="-96.70316487550735">
        <ele>221.6</ele>
      </trkpt>
      <trkpt lat="33.17433717660606" lon="-96.70322078280151">
        <ele>221.6</ele>
      </trkpt>
      <trkpt lat="33.17433290183544" lon="-96.7032712418586">
        <ele>221.4</ele>
      </trkpt>
      <trkpt lat="33.17430633120239" lon="-96.70340476557612">
        <ele>221.2</ele>
      </trkpt>
      <trkpt lat="33.17426769062877" lon="-96.70355538837612">
        <ele>220.4</ele>
      </trkpt>
      <trkpt lat="33.174267606809735" lon="-96.70360408723354">
        <ele>220.4</ele>
      </trkpt>
      <trkpt lat="33.17426693625748" lon="-96.70365236699581">
        <ele>220.2</ele>
      </trkpt>
      <trkpt lat="33.17426400259137" lon="-96.70379720628262">
        <ele>219.8</ele>
      </trkpt>
      <trkpt lat="33.17427112720907" lon="-96.7038894072175">
        <ele>219.8</ele>
      </trkpt>
      <trkpt lat="33.174257297068834" lon="-96.7040141299367">
        <ele>219.4</ele>
      </trkpt>
      <trkpt lat="33.174251429736614" lon="-96.70413658954203">
        <ele>219.4</ele>
      </trkpt>
      <trkpt lat="33.17426282912493" lon="-96.70425561256707">
        <ele>219.2</ele>
      </trkpt>
      <trkpt lat="33.17426576279104" lon="-96.70438075438142">
        <ele>219.2</ele>
      </trkpt>
      <trkpt lat="33.1742606498301" lon="-96.70443372800946">
        <ele>219.2</ele>
      </trkpt>
      <trkpt lat="33.174245646223426" lon="-96.70461243018508">
        <ele>218.8</ele>
      </trkpt>
      <trkpt lat="33.17425285466015" lon="-96.70467747375369">
        <ele>218.8</ele>
      </trkpt>
      <trkpt lat="33.17425796762109" lon="-96.70471074990928">
        <ele>218.8</ele>
      </trkpt>
      <trkpt lat="33.17426928319037" lon="-96.70490101911128">
        <ele>219.0</ele>
      </trkpt>
      <trkpt lat="33.17427724599838" lon="-96.70496103353798">
        <ele>219.0</ele>
      </trkpt>
      <trkpt lat="33.1742796767503" lon="-96.70498869381845">
        <ele>219.2</ele>
      </trkpt>
      <trkpt lat="33.17430415190756" lon="-96.70514493249357">
        <ele>219.2</ele>
      </trkpt>
      <trkpt lat="33.17431781440973" lon="-96.70525398105383">
        <ele>219.2</ele>
      </trkpt>
      <trkpt lat="33.17431865260005" lon="-96.70530402101576">
        <ele>219.4</ele>
      </trkpt>
      <trkpt lat="33.174334578216076" lon="-96.70545590110123">
        <ele>219.4</ele>
      </trkpt>
      <trkpt lat="33.174352096393704" lon="-96.70550166629255">
        <ele>219.4</ele>
      </trkpt>
      <trkpt lat="33.17435679025948" lon="-96.70552890747786">
        <ele>219.4</ele>
      </trkpt>
      <trkpt lat="33.17436810582876" lon="-96.70568724162877">
        <ele>219.6</ele>
      </trkpt>
      <trkpt lat="33.17437204532325" lon="-96.70576284639537">
        <ele>219.6</ele>
      </trkpt>
      <trkpt lat="33.17437816411257" lon="-96.70591045171022">
        <ele>220.0</ele>
      </trkpt>
      <trkpt lat="33.17438151687384" lon="-96.70595604926348">
        <ele>220.2</ele>
      </trkpt>
      <trkpt lat="33.174382355064154" lon="-96.70600558631122">
        <ele>220.4</ele>
      </trkpt>
      <trkpt lat="33.174374559894204" lon="-96.70615612529218">
        <ele>220.6</ele>
      </trkpt>
      <trkpt lat="33.174370201304555" lon="-96.70625704340637">
        <ele>221.0</ele>
      </trkpt>
      <trkpt lat="33.174371710047126" lon="-96.70635586604476">
        <ele>220.6</ele>
      </trkpt>
      <trkpt lat="33.17436617799103" lon="-96.70651210471988">
        <ele>221.0</ele>
      </trkpt>
      <trkpt lat="33.174368776381016" lon="-96.70653909444809">
        <ele>221.2</ele>
      </trkpt>
      <trkpt lat="33.17437145859003" lon="-96.70668887905777">
        <ele>221.6</ele>
      </trkpt>
      <trkpt lat="33.174366848543286" lon="-96.70674218796194">
        <ele>221.8</ele>
      </trkpt>
      <trkpt lat="33.17436550743878" lon="-96.70676875859499">
        <ele>221.6</ele>
      </trkpt>
      <trkpt lat="33.17434589378536" lon="-96.70691921375692">
        <ele>221.6</ele>
      </trkpt>
      <trkpt lat="33.17434119991958" lon="-96.70696916989982">
        <ele>221.6</ele>
      </trkpt>
      <trkpt lat="33.17433684132993" lon="-96.7070182878524">
        <ele>221.8</ele>
      </trkpt>
      <trkpt lat="33.17433566786349" lon="-96.70709297060966">
        <ele>221.8</ele>
      </trkpt>
      <trkpt lat="33.174338014796376" lon="-96.70723780989647">
        <ele>222.0</ele>
      </trkpt>
      <trkpt lat="33.17433977499604" lon="-96.70726178213954">
        <ele>222.0</ele>
      </trkpt>
      <trkpt lat="33.174348240718246" lon="-96.70740653760731">
        <ele>221.8</ele>
      </trkpt>
      <trkpt lat="33.174348156899214" lon="-96.70743243768811">
        <ele>222.0</ele>
      </trkpt>
      <trkpt lat="33.17435670644045" lon="-96.70749991200864">
        <ele>222.2</ele>
      </trkpt>
      <trkpt lat="33.17436324432492" lon="-96.70762362889946">
        <ele>222.8</ele>
      </trkpt>
      <trkpt lat="33.17436316050589" lon="-96.70764969661832">
        <ele>222.8</ele>
      </trkpt>
      <trkpt lat="33.17435771226883" lon="-96.70774407684803">
        <ele>223.2</ele>
      </trkpt>
      <trkpt lat="33.17435620352626" lon="-96.70787416398525">
        <ele>223.8</ele>
      </trkpt>
      <trkpt lat="33.17435201257467" lon="-96.70800819061697">
        <ele>224.2</ele>
      </trkpt>
      <trkpt lat="33.174352096393704" lon="-96.70814213342965">
        <ele>224.6</ele>
      </trkpt>
      <trkpt lat="33.17435276694596" lon="-96.70819560997188">
        <ele>224.8</ele>
      </trkpt>
      <trkpt lat="33.17435611970723" lon="-96.70827398076653">
        <ele>225.0</ele>
      </trkpt>
      <trkpt lat="33.17435486242175" lon="-96.7084261123091">
        <ele>225.2</ele>
      </trkpt>
      <trkpt lat="33.174353521317244" lon="-96.70845234766603">
        <ele>225.4</ele>
      </trkpt>
      <trkpt lat="33.17434899508953" lon="-96.7085276171565">
        <ele>225.8</ele>
      </trkpt>
      <trkpt lat="33.17434748634696" lon="-96.7086711153388">
        <ele>225.8</ele>
      </trkpt>
      <trkpt lat="33.17435033619404" lon="-96.70876214280725">
        <ele>226.4</ele>
      </trkpt>
      <trkpt lat="33.17434128373861" lon="-96.708864569664">
        <ele>226.8</ele>
      </trkpt>
      <trkpt lat="33.17434371449053" lon="-96.70891913585365">
        <ele>227.0</ele>
      </trkpt>
      <trkpt lat="33.174345809966326" lon="-96.70902323909104">
        <ele>227.8</ele>
      </trkpt>
      <trkpt lat="33.174346229061484" lon="-96.70907470397651">
        <ele>227.8</ele>
      </trkpt>
      <trkpt lat="33.17440465092659" lon="-96.70917017385364">
        <ele>227.6</ele>
      </trkpt>
      <trkpt lat="33.174443962052464" lon="-96.70922180637717">
        <ele>227.6</ele>
      </trkpt>
      <trkpt lat="33.17451948300004" lon="-96.7092792224139">
        <ele>227.4</ele>
      </trkpt>
      <trkpt lat="33.174633057788014" lon="-96.7093275859952">
        <ele>227.4</ele>
      </trkpt>
      <trkpt lat="33.17467547021806" lon="-96.70933068729937">
        <ele>227.4</ele>
      </trkpt>
      <trkpt lat="33.1748135201633" lon="-96.70933714136481">
        <ele>226.8</ele>
      </trkpt>
      <trkpt lat="33.17485718987882" lon="-96.70933772809803">
        <ele>226.6</ele>
      </trkpt>
      <trkpt lat="33.17499934695661" lon="-96.70934024266899">
        <ele>225.8</ele>
      </trkpt>
      <trkpt lat="33.175069084391" lon="-96.70933705754578">
        <ele>225.4</ele>
      </trkpt>
      <trkpt lat="33.175092888996005" lon="-96.70933320187032">
        <ele>225.2</ele>
      </trkpt>
      <trkpt lat="33.17523772828281" lon="-96.70930587686598">
        <ele>225.0</ele>
      </trkpt>
      <trkpt lat="33.17528416402638" lon="-96.70929464511573">
        <ele>224.8</ele>
      </trkpt>
      <trkpt lat="33.17530704662204" lon="-96.7092895321548">
        <ele>224.8</ele>
      </trkpt>
      <trkpt lat="33.17533001303673" lon="-96.70928307808936">
        <ele>224.6</ele>
      </trkpt>
      <trkpt lat="33.175464710220695" lon="-96.70924200676382">
        <ele>224.6</ele>
      </trkpt>
      <trkpt lat="33.175527323037386" lon="-96.70921786688268">
        <ele>224.6</ele>
      </trkpt>
      <trkpt lat="33.17554987035692" lon="-96.70920923352242">
        <ele>224.4</ele>
      </trkpt>
      <trkpt lat="33.17567652091384" lon="-96.70914821326733">
        <ele>224.4</ele>
      </trkpt>
      <trkpt lat="33.17569655366242" lon="-96.70913740061224">
        <ele>224.4</ele>
      </trkpt>
      <trkpt lat="33.175759920850396" lon="-96.70910303480923">
        <ele>224.0</ele>
      </trkpt>
      <trkpt lat="33.17579738795757" lon="-96.70907981693745">
        <ele>223.8</ele>
      </trkpt>
      <trkpt lat="33.17587307654321" lon="-96.70903539285064">
        <ele>223.8</ele>
      </trkpt>
      <trkpt lat="33.17595270462334" lon="-96.70898065902293">
        <ele>223.8</ele>
      </trkpt>
      <trkpt lat="33.17599310539663" lon="-96.70896490104496">
        <ele>223.4</ele>
      </trkpt>
      <trkpt lat="33.17611330188811" lon="-96.7089010309428">
        <ele>223.2</ele>
      </trkpt>
      <trkpt lat="33.1761518586427" lon="-96.70887839980423">
        <ele>223.4</ele>
      </trkpt>
      <trkpt lat="33.17627280950546" lon="-96.70881352387369">
        <ele>223.2</ele>
      </trkpt>
      <trkpt lat="33.17635126411915" lon="-96.70876591466367">
        <ele>222.8</ele>
      </trkpt>
      <trkpt lat="33.17647070623934" lon="-96.70870397239923">
        <ele>223.4</ele>
      </trkpt>
      <trkpt lat="33.17655360326171" lon="-96.70866725966334">
        <ele>223.6</ele>
      </trkpt>
      <trkpt lat="33.17657422274351" lon="-96.70865837484598">
        <ele>223.6</ele>
      </trkpt>
      <trkpt lat="33.17669299431145" lon="-96.70859886333346">
        <ele>223.0</ele>
      </trkpt>
      <trkpt lat="33.17675149999559" lon="-96.70856399461627">
        <ele>223.0</ele>
      </trkpt>
      <trkpt lat="33.17686457186937" lon="-96.70849643647671">
        <ele>223.0</ele>
      </trkpt>
      <trkpt lat="33.176924251019955" lon="-96.70846374705434">
        <ele>223.6</ele>
      </trkpt>
      <trkpt lat="33.17694344557822" lon="-96.70845251530409">
        <ele>223.6</ele>
      </trkpt>
      <trkpt lat="33.17706146277487" lon="-96.70839618891478">
        <ele>224.0</ele>
      </trkpt>
      <trkpt lat="33.17710136063397" lon="-96.70837783254683">
        <ele>224.0</ele>
      </trkpt>
      <trkpt lat="33.177141258493066" lon="-96.70835855416954">
        <ele>224.0</ele>
      </trkpt>
      <trkpt lat="33.177236979827285" lon="-96.70830792747438">
        <ele>223.8</ele>
      </trkpt>
      <trkpt lat="33.17731191404164" lon="-96.70826735906303">
        <ele>224.0</ele>
      </trkpt>
      <trkpt lat="33.17733102478087" lon="-96.70825872570276">
        <ele>224.0</ele>
      </trkpt>
      <trkpt lat="33.1774347089231" lon="-96.70821321196854">
        <ele>223.8</ele>
      </trkpt>
      <trkpt lat="33.177540907636285" lon="-96.70817675068974">
        <ele>223.8</ele>
      </trkpt>
      <trkpt lat="33.177604442462325" lon="-96.70816518366337">
        <ele>223.8</ele>
      </trkpt>
      <trkpt lat="33.177739307284355" lon="-96.7081359308213">
        <ele>223.4</ele>
      </trkpt>
      <trkpt lat="33.17775959149003" lon="-96.70813031494617">
        <ele>223.4</ele>
      </trkpt>
      <trkpt lat="33.177862856537104" lon="-96.7081253696233">
        <ele>223.4</ele>
      </trkpt>
      <trkpt lat="33.17797307856381" lon="-96.7081169039011">
        <ele>223.2</ele>
      </trkpt>
      <trkpt lat="33.17804206162691" lon="-96.70811195857823">
        <ele>223.0</ele>
      </trkpt>
      <trkpt lat="33.17810978740454" lon="-96.70811095274985">
        <ele>223.0</ele>
      </trkpt>
      <trkpt lat="33.17819486372173" lon="-96.70810994692147">
        <ele>223.6</ele>
      </trkpt>
      <trkpt lat="33.17821606993675" lon="-96.7081116233021">
        <ele>223.6</ele>
      </trkpt>
      <trkpt lat="33.17833660170436" lon="-96.70812847092748">
        <ele>222.8</ele>
      </trkpt>
      <trkpt lat="33.17837331444025" lon="-96.70813693664968">
        <ele>222.6</ele>
      </trkpt>
      <trkpt lat="33.178395945578814" lon="-96.70814112760127">
        <ele>222.6</ele>
      </trkpt>
      <trkpt lat="33.178539611399174" lon="-96.70815822668374">
        <ele>223.2</ele>
      </trkpt>
      <trkpt lat="33.17858244292438" lon="-96.70816308818758">
        <ele>223.4</ele>
      </trkpt>
      <trkpt lat="33.178623681887984" lon="-96.70816912315786">
        <ele>223.4</ele>
      </trkpt>
      <trkpt lat="33.178681433200836" lon="-96.70818379148841">
        <ele>223.6</ele>
      </trkpt>
      <trkpt lat="33.17874320782721" lon="-96.70819820836186">
        <ele>223.6</ele>
      </trkpt>
      <trkpt lat="33.178824093192816" lon="-96.70822293497622">
        <ele>223.8</ele>
      </trkpt>
      <trkpt lat="33.17895074374974" lon="-96.70826308429241">
        <ele>223.8</ele>
      </trkpt>
      <trkpt lat="33.179028276354074" lon="-96.70829803682864">
        <ele>223.8</ele>
      </trkpt>
      <trkpt lat="33.1790822558105" lon="-96.70832921750844">
        <ele>223.8</ele>
      </trkpt>
      <trkpt lat="33.17920404486358" lon="-96.70838034711778">
        <ele>224.6</ele>
      </trkpt>
      <trkpt lat="33.17922608926892" lon="-96.70839115977287">
        <ele>224.6</ele>
      </trkpt>
      <trkpt lat="33.17926732823253" lon="-96.70841295272112">
        <ele>224.6</ele>
      </trkpt>
      <trkpt lat="33.17938752472401" lon="-96.7084710393101">
        <ele>224.6</ele>
      </trkpt>
      <trkpt lat="33.17942775785923" lon="-96.70848939567804">
        <ele>224.8</ele>
      </trkpt>
      <trkpt lat="33.1795363035053" lon="-96.70853725634515">
        <ele>225.8</ele>
      </trkpt>
      <trkpt lat="33.17957544699311" lon="-96.70855066739023">
        <ele>226.2</ele>
      </trkpt>
      <trkpt lat="33.17963688634336" lon="-96.70857371762395">
        <ele>226.2</ele>
      </trkpt>
      <trkpt lat="33.179721208289266" lon="-96.70860749669373">
        <ele>225.8</ele>
      </trkpt>
      <trkpt lat="33.179762698709965" lon="-96.70862685889006">
        <ele>225.8</ele>
      </trkpt>
      <trkpt lat="33.179838471114635" lon="-96.70866340398788">
        <ele>226.0</ele>
      </trkpt>
      <trkpt lat="33.17992430180311" lon="-96.70868737623096">
        <ele>226.2</ele>
      </trkpt>
      <trkpt lat="33.180081294849515" lon="-96.7087147012353">
        <ele>226.0</ele>
      </trkpt>
      <trkpt lat="33.18009462207556" lon="-96.70871704816818">
        <ele>226.0</ele>
      </trkpt>
      <trkpt lat="33.1801095418632" lon="-96.70872526243329">
        <ele>225.8</ele>
      </trkpt>
      <trkpt lat="33.180128233507276" lon="-96.70873381197453">
        <ele>226.0</ele>
      </trkpt>
      <trkpt lat="33.18016720935702" lon="-96.70875510200858">
        <ele>226.2</ele>
      </trkpt>
      <trkpt lat="33.180188750848174" lon="-96.70876532793045">
        <ele>226.2</ele>
      </trkpt>
      <trkpt lat="33.180257733911276" lon="-96.70879625715315">
        <ele>226.6</ele>
      </trkpt>
      <trkpt lat="33.180402321740985" lon="-96.70883699320257">
        <ele>226.4</ele>
      </trkpt>
      <trkpt lat="33.18042604252696" lon="-96.70884378254414">
        <ele>226.4</ele>
      </trkpt>
      <trkpt lat="33.18052411079407" lon="-96.70886884443462">
        <ele>226.2</ele>
      </trkpt>
      <trkpt lat="33.18061480298638" lon="-96.70889642089605">
        <ele>226.4</ele>
      </trkpt>
      <trkpt lat="33.180645648390055" lon="-96.70893346890807">
        <ele>226.2</ele>
      </trkpt>
      <trkpt lat="33.1806502584368" lon="-96.70900873839855">
        <ele>226.4</ele>
      </trkpt>
      <trkpt lat="33.18064397200942" lon="-96.70906288549304">
        <ele>226.2</ele>
      </trkpt>
      <trkpt lat="33.18063751794398" lon="-96.70911862514913">
        <ele>226.4</ele>
      </trkpt>
      <trkpt lat="33.18062628619373" lon="-96.70920403674245">
        <ele>225.8</ele>
      </trkpt>
      <trkpt lat="33.180610444396734" lon="-96.7093188688159">
        <ele>225.4</ele>
      </trkpt>
      <trkpt lat="33.1805897410959" lon="-96.70948583632708">
        <ele>225.8</ele>
      </trkpt>
      <trkpt lat="33.18058965727687" lon="-96.70956680551171">
        <ele>225.8</ele>
      </trkpt>
      <trkpt lat="33.18059460259974" lon="-96.70972589403391">
        <ele>225.2</ele>
      </trkpt>
      <trkpt lat="33.180596781894565" lon="-96.70975221320987">
        <ele>225.4</ele>
      </trkpt>
      <trkpt lat="33.1806000508368" lon="-96.70977903530002">
        <ele>225.6</ele>
      </trkpt>
      <trkpt lat="33.18061371333897" lon="-96.7099423147738">
        <ele>224.8</ele>
      </trkpt>
      <trkpt lat="33.180624693632126" lon="-96.71001481823623">
        <ele>224.8</ele>
      </trkpt>
      <trkpt lat="33.18063039332628" lon="-96.71018153429031">
        <ele>224.6</ele>
      </trkpt>
      <trkpt lat="33.18063517101109" lon="-96.71026954427361">
        <ele>224.2</ele>
      </trkpt>
      <trkpt lat="33.18063743412495" lon="-96.71029695309699">
        <ele>224.0</ele>
      </trkpt>
      <trkpt lat="33.18066693842411" lon="-96.71045537106693">
        <ele>224.2</ele>
      </trkpt>
      <trkpt lat="33.18068076856434" lon="-96.71052728779614">
        <ele>224.0</ele>
      </trkpt>
      <trkpt lat="33.18068454042077" lon="-96.71055260114372">
        <ele>223.8</ele>
      </trkpt>
      <trkpt lat="33.18068931810558" lon="-96.71057799831033">
        <ele>223.8</ele>
      </trkpt>
      <trkpt lat="33.18072209134698" lon="-96.71072610653937">
        <ele>223.8</ele>
      </trkpt>
      <trkpt lat="33.180740447714925" lon="-96.71079634688795">
        <ele>223.8</ele>
      </trkpt>
      <trkpt lat="33.18075645714998" lon="-96.71092534437776">
        <ele>223.2</ele>
      </trkpt>
      <trkpt lat="33.180772718042135" lon="-96.71105459332466">
        <ele>223.2</ele>
      </trkpt>
      <trkpt lat="33.180790320038795" lon="-96.71112374402583">
        <ele>222.8</ele>
      </trkpt>
      <trkpt lat="33.18079601973295" lon="-96.71115266159177">
        <ele>222.8</ele>
      </trkpt>
      <trkpt lat="33.18083256483078" lon="-96.71127411536872">
        <ele>221.8</ele>
      </trkpt>
      <trkpt lat="33.180840192362666" lon="-96.71129775233567">
        <ele>221.8</ele>
      </trkpt>
      <trkpt lat="33.1808852031827" lon="-96.7114408314228">
        <ele>221.2</ele>
      </trkpt>
      <trkpt lat="33.18090816959739" lon="-96.71151618473232">
        <ele>221.2</ele>
      </trkpt>
      <trkpt lat="33.18091722205281" lon="-96.71154049225152">
        <ele>221.2</ele>
      </trkpt>
      <trkpt lat="33.180968603119254" lon="-96.71170243062079">
        <ele>221.4</ele>
      </trkpt>
      <trkpt lat="33.18097815848887" lon="-96.71172698959708">
        <ele>221.6</ele>
      </trkpt>
      <trkpt lat="33.181002382189035" lon="-96.71179379336536">
        <ele>221.4</ele>
      </trkpt>
      <trkpt lat="33.18103775382042" lon="-96.71188876032829">
        <ele>221.2</ele>
      </trkpt>
      <trkpt lat="33.181088883429766" lon="-96.71204273588955">
        <ele>220.8</ele>
      </trkpt>
      <trkpt lat="33.18109785206616" lon="-96.71206830069423">
        <ele>220.6</ele>
      </trkpt>
      <trkpt lat="33.18112811073661" lon="-96.71213761903346">
        <ele>220.2</ele>
      </trkpt>
      <trkpt lat="33.18119038827717" lon="-96.7122786026448">
        <ele>220.0</ele>
      </trkpt>
      <trkpt lat="33.181235399097204" lon="-96.71238111332059">
        <ele>220.0</ele>
      </trkpt>
      <trkpt lat="33.181291138753295" lon="-96.71252821572125">
        <ele>220.0</ele>
      </trkpt>
      <trkpt lat="33.181337993592024" lon="-96.71261463314295">
        <ele>219.8</ele>
      </trkpt>
      <trkpt lat="33.18141586147249" lon="-96.71275092288852">
        <ele>220.6</ele>
      </trkpt>
      <trkpt lat="33.18144318647683" lon="-96.71279584988952">
        <ele>220.6</ele>
      </trkpt>
      <trkpt lat="33.181515438482165" lon="-96.71292694285512">
        <ele>220.6</ele>
      </trkpt>
      <trkpt lat="33.181539326906204" lon="-96.71297111548483">
        <ele>220.6</ele>
      </trkpt>
      <trkpt lat="33.18154972046614" lon="-96.71299383044243">
        <ele>220.6</ele>
      </trkpt>
      <trkpt lat="33.18162616342306" lon="-96.71311654150486">
        <ele>220.4</ele>
      </trkpt>
      <trkpt lat="33.18166773766279" lon="-96.71317798085511">
        <ele>220.4</ele>
      </trkpt>
      <trkpt lat="33.1817071326077" lon="-96.7132374085486">
        <ele>220.6</ele>
      </trkpt>
      <trkpt lat="33.181743593886495" lon="-96.71329985372722">
        <ele>221.2</ele>
      </trkpt>
      <trkpt lat="33.18177217617631" lon="-96.71333799138665">
        <ele>221.6</ele>
      </trkpt>
      <trkpt lat="33.18178734742105" lon="-96.71335542574525">
        <ele>221.6</ele>
      </trkpt>
      <trkpt lat="33.18180100992322" lon="-96.71337663196027">
        <ele>221.8</ele>
      </trkpt>
      <trkpt lat="33.181885331869125" lon="-96.71350168995559">
        <ele>221.6</ele>
      </trkpt>
      <trkpt lat="33.18189891055226" lon="-96.71352147124708">
        <ele>221.6</ele>
      </trkpt>
      <trkpt lat="33.181937132030725" lon="-96.71357980929315">
        <ele>221.8</ele>
      </trkpt>
      <trkpt lat="33.182014832273126" lon="-96.71366672962904">
        <ele>221.2</ele>
      </trkpt>
      <trkpt lat="33.18209412507713" lon="-96.71376295387745">
        <ele>221.2</ele>
      </trkpt>
      <trkpt lat="33.18214450031519" lon="-96.71381534077227">
        <ele>221.2</ele>
      </trkpt>
      <trkpt lat="33.18223007954657" lon="-96.71392950229347">
        <ele>221.4</ele>
      </trkpt>
      <trkpt lat="33.182243490591645" lon="-96.71395079232752">
        <ele>221.6</ele>
      </trkpt>
      <trkpt lat="33.18225732073188" lon="-96.71397191472352">
        <ele>221.6</ele>
      </trkpt>
      <trkpt lat="33.18234943784773" lon="-96.71408389694989">
        <ele>222.0</ele>
      </trkpt>
      <trkpt lat="33.1823805347085" lon="-96.71412203460932">
        <ele>222.0</ele>
      </trkpt>
      <trkpt lat="33.18239721469581" lon="-96.71414122916758">
        <ele>222.2</ele>
      </trkpt>
      <trkpt lat="33.182466281577945" lon="-96.71426410786808">
        <ele>222.4</ele>
      </trkpt>
      <trkpt lat="33.18249821662903" lon="-96.71432252973318">
        <ele>222.6</ele>
      </trkpt>
      <trkpt lat="33.18251447752118" lon="-96.71433887444437">
        <ele>222.8</ele>
      </trkpt>
      <trkpt lat="33.18253015168011" lon="-96.71435764990747">
        <ele>222.8</ele>
      </trkpt>
      <trkpt lat="33.18261221051216" lon="-96.71447952277958">
        <ele>222.4</ele>
      </trkpt>
      <trkpt lat="33.182642133906484" lon="-96.71451833099127">
        <ele>222.4</ele>
      </trkpt>
      <trkpt lat="33.182656886056066" lon="-96.71453618444502">
        <ele>222.4</ele>
      </trkpt>
      <trkpt lat="33.18275596015155" lon="-96.71464229933918">
        <ele>222.8</ele>
      </trkpt>
      <trkpt lat="33.18277196958661" lon="-96.71465906314552">
        <ele>222.8</ele>
      </trkpt>
      <trkpt lat="33.1828208360821" lon="-96.71471354551613">
        <ele>223.0</ele>
      </trkpt>
      <trkpt lat="33.18288738839328" lon="-96.71482200734317">
        <ele>223.2</ele>
      </trkpt>
      <trkpt lat="33.18294262513518" lon="-96.71492183580995">
        <ele>223.6</ele>
      </trkpt>
      <trkpt lat="33.182955868542194" lon="-96.71493750996888">
        <ele>223.6</ele>
      </trkpt>
      <trkpt lat="33.18297112360597" lon="-96.71495418995619">
        <ele>223.8</ele>
      </trkpt>
      <trkpt lat="33.183090314269066" lon="-96.71504471451044">
        <ele>223.6</ele>
      </trkpt>
      <trkpt lat="33.18313146941364" lon="-96.71507044695318">
        <ele>223.4</ele>
      </trkpt>
      <trkpt lat="33.18323666229844" lon="-96.71518301591277">
        <ele>223.2</ele>
      </trkpt>
      <trkpt lat="33.1832682620734" lon="-96.71522039920092">
        <ele>223.4</ele>
      </trkpt>
      <trkpt lat="33.183282259851694" lon="-96.71523758210242">
        <ele>223.6</ele>
      </trkpt>
      <trkpt lat="33.18328645080328" lon="-96.7152906395495">
        <ele>223.8</ele>
      </trkpt>
      <trkpt lat="33.183290055021644" lon="-96.7152872029692">
        <ele>223.8</ele>
      </trkpt>
      <trkpt lat="33.183313524350524" lon="-96.71529801562428">
        <ele>223.6</ele>
      </trkpt>
      <trkpt lat="33.183348728343844" lon="-96.71532399952412">
        <ele>223.2</ele>
      </trkpt>
      <trkpt lat="33.183369347825646" lon="-96.71534319408238">
        <ele>222.8</ele>
      </trkpt>
      <trkpt lat="33.183389380574226" lon="-96.71536289155483">
        <ele>222.6</ele>
      </trkpt>
      <trkpt lat="33.1834286917001" lon="-96.71540362760425">
        <ele>222.2</ele>
      </trkpt>
      <trkpt lat="33.18346481770277" lon="-96.7154455371201">
        <ele>222.2</ele>
      </trkpt>
      <trkpt lat="33.18351477384567" lon="-96.71550680883229">
        <ele>222.0</ele>
      </trkpt>
      <trkpt lat="33.18351963534951" lon="-96.71552726067603">
        <ele>222.2</ele>
      </trkpt>
      <trkpt lat="33.18348426371813" lon="-96.71557797119021">
        <ele>222.4</ele>
      </trkpt>
      <trkpt lat="33.18346733227372" lon="-96.71559381298721">
        <ele>222.6</ele>
      </trkpt>
      <trkpt lat="33.183373203501105" lon="-96.71569548547268">
        <ele>223.2</ele>
      </trkpt>
      <trkpt lat="33.18334034644067" lon="-96.71572842635214">
        <ele>223.2</ele>
      </trkpt>
      <trkpt lat="33.18331193178892" lon="-96.71576421707869">
        <ele>223.2</ele>
      </trkpt>
      <trkpt lat="33.183248648419976" lon="-96.7158276680857">
        <ele>223.6</ele>
      </trkpt>
      <trkpt lat="33.183186035603285" lon="-96.7158897779882">
        <ele>223.8</ele>
      </trkpt>
      <trkpt lat="33.1831575371325" lon="-96.7159225512296">
        <ele>223.8</ele>
      </trkpt>
      <trkpt lat="33.183061396703124" lon="-96.71602841466665">
        <ele>224.2</ele>
      </trkpt>
      <trkpt lat="33.18301831372082" lon="-96.71608784236014">
        <ele>224.4</ele>
      </trkpt>
      <trkpt lat="33.1830058246851" lon="-96.71610971912742">
        <ele>224.6</ele>
      </trkpt>
      <trkpt lat="33.18299375474453" lon="-96.71613117679954">
        <ele>224.6</ele>
      </trkpt>
      <trkpt lat="33.18296207115054" lon="-96.71619152650237">
        <ele>224.8</ele>
      </trkpt>
      <trkpt lat="33.18292250856757" lon="-96.71625355258584">
        <ele>224.8</ele>
      </trkpt>
      <trkpt lat="33.182875318452716" lon="-96.71629596501589">
        <ele>224.8</ele>
      </trkpt>
      <trkpt lat="33.18280566483736" lon="-96.71634248457849">
        <ele>224.8</ele>
      </trkpt>
      <trkpt lat="33.18273223936558" lon="-96.71640803106129">
        <ele>225.0</ele>
      </trkpt>
      <trkpt lat="33.182697873562574" lon="-96.71643166802824">
        <ele>225.2</ele>
      </trkpt>
      <trkpt lat="33.18268211558461" lon="-96.71644432470202">
        <ele>225.4</ele>
      </trkpt>
      <trkpt lat="33.18260399624705" lon="-96.71651464886963">
        <ele>225.6</ele>
      </trkpt>
      <trkpt lat="33.18253559991717" lon="-96.71658279374242">
        <ele>225.6</ele>
      </trkpt>
      <trkpt lat="33.182430071756244" lon="-96.71669603325427">
        <ele>225.6</ele>
      </trkpt>
      <trkpt lat="33.182363184168935" lon="-96.71677281148732">
        <ele>225.6</ele>
      </trkpt>
      <trkpt lat="33.182308953255415" lon="-96.71682762913406">
        <ele>225.8</ele>
      </trkpt>
      <trkpt lat="33.18221130408347" lon="-96.71693231910467">
        <ele>226.0</ele>
      </trkpt>
      <trkpt lat="33.18219529464841" lon="-96.71695059165359">
        <ele>226.0</ele>
      </trkpt>
      <trkpt lat="33.18209362216294" lon="-96.7170571256429">
        <ele>226.0</ele>
      </trkpt>
      <trkpt lat="33.18204098381102" lon="-96.71711194328964">
        <ele>226.6</ele>
      </trkpt>
      <trkpt lat="33.18202438764274" lon="-96.71713029965758">
        <ele>226.6</ele>
      </trkpt>
      <trkpt lat="33.18192330189049" lon="-96.71723616309464">
        <ele>225.4</ele>
      </trkpt>
      <trkpt lat="33.18186563439667" lon="-96.71729307621717">
        <ele>225.2</ele>
      </trkpt>
      <trkpt lat="33.181846691295505" lon="-96.71731134876609">
        <ele>225.2</ele>
      </trkpt>
      <trkpt lat="33.18174325861037" lon="-96.7174162901938">
        <ele>225.8</ele>
      </trkpt>
      <trkpt lat="33.18172574043274" lon="-96.71743305400014">
        <ele>226.0</ele>
      </trkpt>
      <trkpt lat="33.18167871795595" lon="-96.71748233959079">
        <ele>226.0</ele>
      </trkpt>
      <trkpt lat="33.18158098496497" lon="-96.7175851855427">
        <ele>226.0</ele>
      </trkpt>
      <trkpt lat="33.18151258863509" lon="-96.71765383332968">
        <ele>225.6</ele>
      </trkpt>
      <trkpt lat="33.1814203877002" lon="-96.71775810420513">
        <ele>225.6</ele>
      </trkpt>
      <trkpt lat="33.18135584704578" lon="-96.71782826073468">
        <ele>225.6</ele>
      </trkpt>
      <trkpt lat="33.18125962279737" lon="-96.71789833344519">
        <ele>225.6</ele>
      </trkpt>
      <trkpt lat="33.181186616420746" lon="-96.71798760071397">
        <ele>225.6</ele>
      </trkpt>
      <trkpt lat="33.18116289563477" lon="-96.7180236428976">
        <ele>225.6</ele>
      </trkpt>
      <trkpt lat="33.18109458312392" lon="-96.71813487075269">
        <ele>225.6</ele>
      </trkpt>
      <trkpt lat="33.1810662522912" lon="-96.71816831454635">
        <ele>225.6</ele>
      </trkpt>
      <trkpt lat="33.180948570370674" lon="-96.7182435002178">
        <ele>225.8</ele>
      </trkpt>
      <trkpt lat="33.18092627450824" lon="-96.71825238503516">
        <ele>225.8</ele>
      </trkpt>
      <trkpt lat="33.18086139857769" lon="-96.71827903948724">
        <ele>226.0</ele>
      </trkpt>
      <trkpt lat="33.18075813353062" lon="-96.71835917048156">
        <ele>225.8</ele>
      </trkpt>
      <trkpt lat="33.1806621607393" lon="-96.71843905001879">
        <ele>225.8</ele>
      </trkpt>
      <trkpt lat="33.180570378899574" lon="-96.71851197257638">
        <ele>225.4</ele>
      </trkpt>
      <trkpt lat="33.18048329092562" lon="-96.7185905110091">
        <ele>225.2</ele>
      </trkpt>
      <trkpt lat="33.180401315912604" lon="-96.71865153126419">
        <ele>225.0</ele>
      </trkpt>
      <trkpt lat="33.180339792743325" lon="-96.7187181673944">
        <ele>225.0</ele>
      </trkpt>
      <trkpt lat="33.18032437004149" lon="-96.71875488013029">
        <ele>225.2</ele>
      </trkpt>
      <trkpt lat="33.18031523376703" lon="-96.7187718115747">
        <ele>225.2</ele>
      </trkpt>
      <trkpt lat="33.180231330916286" lon="-96.71886149793863">
        <ele>225.2</ele>
      </trkpt>
      <trkpt lat="33.18019503727555" lon="-96.71889376826584">
        <ele>225.2</ele>
      </trkpt>
      <trkpt lat="33.18017575889826" lon="-96.71890852041543">
        <ele>225.2</ele>
      </trkpt>
      <trkpt lat="33.18015765398741" lon="-96.71892050653696">
        <ele>225.2</ele>
      </trkpt>
      <trkpt lat="33.18005413748324" lon="-96.71895780600607">
        <ele>225.6</ele>
      </trkpt>
      <trkpt lat="33.17996679805219" lon="-96.71900499612093">
        <ele>225.6</ele>
      </trkpt>
      <trkpt lat="33.179902508854866" lon="-96.71905319206417">
        <ele>225.2</ele>
      </trkpt>
      <trkpt lat="33.17978792823851" lon="-96.71915084123611">
        <ele>225.4</ele>
      </trkpt>
      <trkpt lat="33.17976898513734" lon="-96.7191671859473">
        <ele>225.4</ele>
      </trkpt>
      <trkpt lat="33.17971718497574" lon="-96.71921152621508">
        <ele>225.6</ele>
      </trkpt>
      <trkpt lat="33.17960419692099" lon="-96.71929995529354">
        <ele>225.0</ele>
      </trkpt>
      <trkpt lat="33.17958542145789" lon="-96.71931537799537">
        <ele>225.0</ele>
      </trkpt>
      <trkpt lat="33.17955172620714" lon="-96.71934429556131">
        <ele>224.8</ele>
      </trkpt>
      <trkpt lat="33.179474947974086" lon="-96.7194002866745">
        <ele>224.8</ele>
      </trkpt>
      <trkpt lat="33.17940093576908" lon="-96.71945778653026">
        <ele>225.0</ele>
      </trkpt>
      <trkpt lat="33.179297083988786" lon="-96.71954696998">
        <ele>225.0</ele>
      </trkpt>
      <trkpt lat="33.17922349087894" lon="-96.71960237435997">
        <ele>224.8</ele>
      </trkpt>
      <trkpt lat="33.179111927747726" lon="-96.71968795359135">
        <ele>225.2</ele>
      </trkpt>
      <trkpt lat="33.17909516394138" lon="-96.71970530413091">
        <ele>225.4</ele>
      </trkpt>
      <trkpt lat="33.179044369608164" lon="-96.71975542791188">
        <ele>225.4</ele>
      </trkpt>
      <trkpt lat="33.17899533547461" lon="-96.7198057193309">
        <ele>225.8</ele>
      </trkpt>
      <trkpt lat="33.178938338533044" lon="-96.71987671405077">
        <ele>225.6</ele>
      </trkpt>
      <trkpt lat="33.178893998265266" lon="-96.71992683783174">
        <ele>225.4</ele>
      </trkpt>
      <trkpt lat="33.178837755694985" lon="-96.71994024887681">
        <ele>225.8</ele>
      </trkpt>
      <trkpt lat="33.1787196546793" lon="-96.71999607235193">
        <ele>225.0</ele>
      </trkpt>
      <trkpt lat="33.17869911901653" lon="-96.7200078908354">
        <ele>224.8</ele>
      </trkpt>
      <trkpt lat="33.17864245735109" lon="-96.72004678286612">
        <ele>224.6</ele>
      </trkpt>
      <trkpt lat="33.17854388616979" lon="-96.72010847367346">
        <ele>224.4</ele>
      </trkpt>
      <trkpt lat="33.1785053294152" lon="-96.72013487666845">
        <ele>224.4</ele>
      </trkpt>
      <trkpt lat="33.17839032970369" lon="-96.72021039761603">
        <ele>224.4</ele>
      </trkpt>
      <trkpt lat="33.17837281152606" lon="-96.72022464685142">
        <ele>224.4</ele>
      </trkpt>
      <trkpt lat="33.17831891588867" lon="-96.7202687356621">
        <ele>224.4</ele>
      </trkpt>
      <trkpt lat="33.1782032456249" lon="-96.72034752555192">
        <ele>224.8</ele>
      </trkpt>
      <trkpt lat="33.17818371579051" lon="-96.72036060132086">
        <ele>224.8</ele>
      </trkpt>
      <trkpt lat="33.178126718848944" lon="-96.72039957717061">
        <ele>225.2</ele>
      </trkpt>
      <trkpt lat="33.17801205441356" lon="-96.72047166153789">
        <ele>225.4</ele>
      </trkpt>
      <trkpt lat="33.17793695256114" lon="-96.72052404843271">
        <ele>225.6</ele>
      </trkpt>
      <trkpt lat="33.17789822816849" lon="-96.72055263072252">
        <ele>225.8</ele>
      </trkpt>
      <trkpt lat="33.1778250541538" lon="-96.72060661017895">
        <ele>225.6</ele>
      </trkpt>
      <trkpt lat="33.17775062285364" lon="-96.7206625174731">
        <ele>225.4</ele>
      </trkpt>
      <trkpt lat="33.17762799561024" lon="-96.7207420617342">
        <ele>224.8</ele>
      </trkpt>
      <trkpt lat="33.17760922014713" lon="-96.720757400617">
        <ele>224.8</ele>
      </trkpt>
      <trkpt lat="33.1775523070246" lon="-96.7208044230938">
        <ele>224.8</ele>
      </trkpt>
      <trkpt lat="33.17749799229205" lon="-96.72084826044738">
        <ele>224.6</ele>
      </trkpt>
      <trkpt lat="33.1774677336216" lon="-96.72088019549847">
        <ele>224.6</ele>
      </trkpt>
      <trkpt lat="33.177401684224606" lon="-96.72096418216825">
        <ele>224.4</ele>
      </trkpt>
      <trkpt lat="33.17738349549472" lon="-96.7209733184427">
        <ele>224.4</ele>
      </trkpt>
      <trkpt lat="33.17726933397353" lon="-96.72101950272918">
        <ele>224.4</ele>
      </trkpt>
      <trkpt lat="33.177207643166184" lon="-96.72105294652283">
        <ele>224.6</ele>
      </trkpt>
      <trkpt lat="33.177157854661345" lon="-96.72113198786974">
        <ele>224.6</ele>
      </trkpt>
      <trkpt lat="33.17717025987804" lon="-96.72125084325671">
        <ele>224.6</ele>
      </trkpt>
      <trkpt lat="33.177181323990226" lon="-96.72127272002399">
        <ele>224.8</ele>
      </trkpt>
      <trkpt lat="33.177257515490055" lon="-96.72141630202532">
        <ele>224.8</ele>
      </trkpt>
      <trkpt lat="33.177271261811256" lon="-96.72143935225904">
        <ele>224.6</ele>
      </trkpt>
      <trkpt lat="33.177305459976196" lon="-96.721510598436">
        <ele>224.0</ele>
      </trkpt>
      <trkpt lat="33.177355164662" lon="-96.72165401279926">
        <ele>223.6</ele>
      </trkpt>
      <trkpt lat="33.17739414051175" lon="-96.72174227423966">
        <ele>223.4</ele>
      </trkpt>
      <trkpt lat="33.17740813829005" lon="-96.72182131558657">
        <ele>223.4</ele>
      </trkpt>
      <trkpt lat="33.17746890708804" lon="-96.72195727005601">
        <ele>223.4</ele>
      </trkpt>
      <trkpt lat="33.177482234314084" lon="-96.72197923064232">
        <ele>223.2</ele>
      </trkpt>
      <trkpt lat="33.17752070724964" lon="-96.72204335220158">
        <ele>222.6</ele>
      </trkpt>
      <trkpt lat="33.17758709192276" lon="-96.72216723673046">
        <ele>222.2</ele>
      </trkpt>
      <trkpt lat="33.1775972340256" lon="-96.7221874371171">
        <ele>222.2</ele>
      </trkpt>
      <trkpt lat="33.17764970473945" lon="-96.72234082594514">
        <ele>222.6</ele>
      </trkpt>
      <trkpt lat="33.17769010551274" lon="-96.7224377207458">
        <ele>222.4</ele>
      </trkpt>
      <trkpt lat="33.177721286192536" lon="-96.72248524613678">
        <ele>222.0</ele>
      </trkpt>
      <trkpt lat="33.1777785345912" lon="-96.7225397285074">
        <ele>221.6</ele>
      </trkpt>
      <trkpt lat="33.1778509542346" lon="-96.72260359860957">
        <ele>221.0</ele>
      </trkpt>
      <trkpt lat="33.177867298945785" lon="-96.72262371517718">
        <ele>221.0</ele>
      </trkpt>
      <trkpt lat="33.17796042189002" lon="-96.72274516895413">
        <ele>221.2</ele>
      </trkpt>
      <trkpt lat="33.17797391675413" lon="-96.72276495024562">
        <ele>221.2</ele>
      </trkpt>
      <trkpt lat="33.17802043631673" lon="-96.7228230368346">
        <ele>221.0</ele>
      </trkpt>
      <trkpt lat="33.17813040688634" lon="-96.72294046729803">
        <ele>220.8</ele>
      </trkpt>
      <trkpt lat="33.17815043963492" lon="-96.72295697964728">
        <ele>220.8</ele>
      </trkpt>
      <trkpt lat="33.178202072158456" lon="-96.72301037237048">
        <ele>221.0</ele>
      </trkpt>
      <trkpt lat="33.17831522785127" lon="-96.72310374677181">
        <ele>221.4</ele>
      </trkpt>
      <trkpt lat="33.178395526483655" lon="-96.72317591495812">
        <ele>221.6</ele>
      </trkpt>
      <trkpt lat="33.17845780402422" lon="-96.72325529158115">
        <ele>221.6</ele>
      </trkpt>
      <trkpt lat="33.17855813540518" lon="-96.72337146475911">
        <ele>221.2</ele>
      </trkpt>
      <trkpt lat="33.17859501577914" lon="-96.7233994603157">
        <ele>221.2</ele>
      </trkpt>
      <trkpt lat="33.17867489531636" lon="-96.72344715334475">
        <ele>220.8</ele>
      </trkpt>
      <trkpt lat="33.17877002991736" lon="-96.72349291853607">
        <ele>220.6</ele>
      </trkpt>
      <trkpt lat="33.17879064939916" lon="-96.72350775450468">
        <ele>220.8</ele>
      </trkpt>
      <trkpt lat="33.17891369573772" lon="-96.72357833012938">
        <ele>221.0</ele>
      </trkpt>
      <trkpt lat="33.17893339321017" lon="-96.7235910706222">
        <ele>221.0</ele>
      </trkpt>
      <trkpt lat="33.17897102795541" lon="-96.72362007200718">
        <ele>220.8</ele>
      </trkpt>
      <trkpt lat="33.17900698632002" lon="-96.7236463073641">
        <ele>220.4</ele>
      </trkpt>
      <trkpt lat="33.17908334545791" lon="-96.72369827516377">
        <ele>220.0</ele>
      </trkpt>
      <trkpt lat="33.17916356027126" lon="-96.72374471090734">
        <ele>219.6</ele>
      </trkpt>
      <trkpt lat="33.179208654910326" lon="-96.72374638728797">
        <ele>219.4</ele>
      </trkpt>
      <trkpt lat="33.17922902293503" lon="-96.72374571673572">
        <ele>219.2</ele>
      </trkpt>
      <trkpt lat="33.17936237901449" lon="-96.72375191934407">
        <ele>218.8</ele>
      </trkpt>
      <trkpt lat="33.17938584834337" lon="-96.72374588437378">
        <ele>218.8</ele>
      </trkpt>
      <trkpt lat="33.17951124161482" lon="-96.72371202148497">
        <ele>218.8</ele>
      </trkpt>
      <trkpt lat="33.1795968208462" lon="-96.7236912343651">
        <ele>219.0</ele>
      </trkpt>
      <trkpt lat="33.17968617193401" lon="-96.72369215637445">
        <ele>219.4</ele>
      </trkpt>
      <trkpt lat="33.179816929623485" lon="-96.72369031235576">
        <ele>219.0</ele>
      </trkpt>
      <trkpt lat="33.179859006777406" lon="-96.7236896418035">
        <ele>218.8</ele>
      </trkpt>
      <trkpt lat="33.17999663762748" lon="-96.72367321327329">
        <ele>218.6</ele>
      </trkpt>
      <trkpt lat="33.180037373676896" lon="-96.72366793267429">
        <ele>218.2</ele>
      </trkpt>
      <trkpt lat="33.18017735145986" lon="-96.72364706173539">
        <ele>217.2</ele>
      </trkpt>
      <trkpt lat="33.18024666979909" lon="-96.72363951802254">
        <ele>216.8</ele>
      </trkpt>
      <trkpt lat="33.18026879802346" lon="-96.72363800927997">
        <ele>216.6</ele>
      </trkpt>
      <trkpt lat="33.180312467738986" lon="-96.723638093099">
        <ele>216.0</ele>
      </trkpt>
      <trkpt lat="33.18043031729758" lon="-96.72363155521452">
        <ele>215.8</ele>
      </trkpt>
      <trkpt lat="33.180494606494904" lon="-96.7236291244626">
        <ele>215.8</ele>
      </trkpt>
      <trkpt lat="33.18060885183513" lon="-96.72362610697746">
        <ele>216.8</ele>
      </trkpt>
      <trkpt lat="33.18065579049289" lon="-96.72362258657813">
        <ele>217.2</ele>
      </trkpt>
      <trkpt lat="33.18072016350925" lon="-96.72361738979816">
        <ele>217.4</ele>
      </trkpt>
      <trkpt lat="33.180807335302234" lon="-96.72360624186695">
        <ele>217.2</ele>
      </trkpt>
      <trkpt lat="33.18094119429588" lon="-96.72359023243189">
        <ele>216.4</ele>
      </trkpt>
      <trkpt lat="33.18096064031124" lon="-96.72358939424157">
        <ele>216.4</ele>
      </trkpt>
      <trkpt lat="33.18107647821307" lon="-96.72358914278448">
        <ele>216.2</ele>
      </trkpt>
      <trkpt lat="33.181121153756976" lon="-96.72358746640384">
        <ele>216.2</ele>
      </trkpt>
      <trkpt lat="33.18114244379103" lon="-96.72358738258481">
        <ele>216.2</ele>
      </trkpt>
      <trkpt lat="33.18125920370221" lon="-96.72358218580484">
        <ele>216.0</ele>
      </trkpt>
      <trkpt lat="33.18133992142975" lon="-96.72357765957713">
        <ele>215.8</ele>
      </trkpt>
      <trkpt lat="33.18147327750921" lon="-96.72356869094074">
        <ele>215.8</ele>
      </trkpt>
      <trkpt lat="33.181514432653785" lon="-96.72356399707496">
        <ele>216.0</ele>
      </trkpt>
      <trkpt lat="33.18155030719936" lon="-96.72356877475977">
        <ele>216.0</ele>
      </trkpt>
      <trkpt lat="33.1816275883466" lon="-96.72357849776745">
        <ele>216.2</ele>
      </trkpt>
      <trkpt lat="33.18174325861037" lon="-96.72358964569867">
        <ele>216.6</ele>
      </trkpt>
      <trkpt lat="33.181762201711535" lon="-96.72358838841319">
        <ele>216.6</ele>
      </trkpt>
      <trkpt lat="33.181882817298174" lon="-96.72357615083456">
        <ele>216.8</ele>
      </trkpt>
      <trkpt lat="33.1819021794945" lon="-96.72357724048197">
        <ele>216.8</ele>
      </trkpt>
      <trkpt lat="33.18194651976228" lon="-96.7235743906349">
        <ele>216.6</ele>
      </trkpt>
      <trkpt lat="33.18206638097763" lon="-96.72357397153974">
        <ele>216.2</ele>
      </trkpt>
      <trkpt lat="33.182181464508176" lon="-96.7235567048192">
        <ele>216.2</ele>
      </trkpt>
      <trkpt lat="33.182274252176285" lon="-96.72354564070702">
        <ele>216.0</ele>
      </trkpt>
      <trkpt lat="33.18242160603404" lon="-96.7235099337995">
        <ele>216.4</ele>
      </trkpt>
      <trkpt lat="33.18248899653554" lon="-96.72349099069834">
        <ele>216.6</ele>
      </trkpt>
      <trkpt lat="33.18261413834989" lon="-96.72345385886729">
        <ele>216.6</ele>
      </trkpt>
      <trkpt lat="33.18263408727944" lon="-96.72344572842121">
        <ele>216.6</ele>
      </trkpt>
      <trkpt lat="33.182754535228014" lon="-96.72339082695544">
        <ele>217.0</ele>
      </trkpt>
      <trkpt lat="33.182774567976594" lon="-96.72338060103357">
        <ele>217.2</ele>
      </trkpt>
      <trkpt lat="33.18281538784504" lon="-96.72336048446596">
        <ele>217.4</ele>
      </trkpt>
      <trkpt lat="33.18283491767943" lon="-96.72334724105895">
        <ele>217.4</ele>
      </trkpt>
      <trkpt lat="33.18295092321932" lon="-96.72328379005194">
        <ele>217.8</ele>
      </trkpt>
      <trkpt lat="33.182968106120825" lon="-96.72327280975878">
        <ele>217.8</ele>
      </trkpt>
      <trkpt lat="33.18302736617625" lon="-96.72323685139418">
        <ele>217.8</ele>
      </trkpt>
      <trkpt lat="33.18312602117658" lon="-96.7231697961688">
        <ele>218.0</ele>
      </trkpt>
      <trkpt lat="33.18314680829644" lon="-96.72315202653408">
        <ele>218.2</ele>
      </trkpt>
      <trkpt lat="33.18322056904435" lon="-96.72309486195445">
        <ele>218.2</ele>
      </trkpt>
      <trkpt lat="33.183275135234" lon="-96.72304004430771">
        <ele>218.0</ele>
      </trkpt>
      <trkpt lat="33.18337881937623" lon="-96.7229263857007">
        <ele>217.4</ele>
      </trkpt>
      <trkpt lat="33.183397175744176" lon="-96.72290652059019">
        <ele>217.4</ele>
      </trkpt>
      <trkpt lat="33.183428859338164" lon="-96.72287357971072">
        <ele>217.2</ele>
      </trkpt>
      <trkpt lat="33.183462051674724" lon="-96.72283728606999">
        <ele>217.2</ele>
      </trkpt>
      <trkpt lat="33.183560371398926" lon="-96.72271281480789">
        <ele>217.6</ele>
      </trkpt>
      <trkpt lat="33.18359138444066" lon="-96.72266537323594">
        <ele>217.8</ele>
      </trkpt>
      <trkpt lat="33.183663887903094" lon="-96.72256395220757">
        <ele>218.2</ele>
      </trkpt>
      <trkpt lat="33.183703450486064" lon="-96.7224998306483">
        <ele>218.2</ele>
      </trkpt>
      <trkpt lat="33.18377310410142" lon="-96.72236840240657">
        <ele>218.0</ele>
      </trkpt>
      <trkpt lat="33.18381140939891" lon="-96.722298162058">
        <ele>218.0</ele>
      </trkpt>
      <trkpt lat="33.18382138386369" lon="-96.72227444127202">
        <ele>218.0</ele>
      </trkpt>
      <trkpt lat="33.183896066620946" lon="-96.72213681042194">
        <ele>217.6</ele>
      </trkpt>
      <trkpt lat="33.18393931724131" lon="-96.72207201831043">
        <ele>217.6</ele>
      </trkpt>
      <trkpt lat="33.18395499140024" lon="-96.72205056063831">
        <ele>217.6</ele>
      </trkpt>
      <trkpt lat="33.1840383913368" lon="-96.72192835249007">
        <ele>217.4</ele>
      </trkpt>
      <trkpt lat="33.18406672216952" lon="-96.72189172357321">
        <ele>217.2</ele>
      </trkpt>
      <trkpt lat="33.1840920355171" lon="-96.721854172647">
        <ele>217.2</ele>
      </trkpt>
      <trkpt lat="33.184169149026275" lon="-96.72173112630844">
        <ele>217.6</ele>
      </trkpt>
      <trkpt lat="33.18418272770941" lon="-96.72171084210277">
        <ele>217.4</ele>
      </trkpt>
      <trkpt lat="33.184225391596556" lon="-96.72164747491479">
        <ele>217.4</ele>
      </trkpt>
      <trkpt lat="33.18426847457886" lon="-96.72158578410745">
        <ele>217.4</ele>
      </trkpt>
      <trkpt lat="33.18429747596383" lon="-96.72154504805803">
        <ele>217.2</ele>
      </trkpt>
      <trkpt lat="33.18432773463428" lon="-96.72150565311313">
        <ele>217.2</ele>
      </trkpt>
      <trkpt lat="33.18437333218753" lon="-96.72144630923867">
        <ele>217.0</ele>
      </trkpt>
      <trkpt lat="33.184422785416245" lon="-96.72139191068709">
        <ele>217.0</ele>
      </trkpt>
      <trkpt lat="33.184520518407226" lon="-96.72129007056355">
        <ele>216.6</ele>
      </trkpt>
      <trkpt lat="33.18453728221357" lon="-96.72127548605204">
        <ele>216.6</ele>
      </trkpt>
      <trkpt lat="33.18458002991974" lon="-96.72122804448009">
        <ele>216.2</ele>
      </trkpt>
      <trkpt lat="33.184597631916404" lon="-96.72121002338827">
        <ele>216.0</ele>
      </trkpt>
      <trkpt lat="33.18470391444862" lon="-96.72109611332417">
        <ele>215.6</ele>
      </trkpt>
      <trkpt lat="33.18473710678518" lon="-96.72105856239796">
        <ele>215.4</ele>
      </trkpt>
      <trkpt lat="33.18484188057482" lon="-96.72094632871449">
        <ele>215.2</ele>
      </trkpt>
      <trkpt lat="33.184873228892684" lon="-96.72090793959796">
        <ele>215.2</ele>
      </trkpt>
      <trkpt lat="33.184888400137424" lon="-96.7208905890584">
        <ele>215.0</ele>
      </trkpt>
      <trkpt lat="33.18499116227031" lon="-96.72078237868845">
        <ele>214.4</ele>
      </trkpt>
      <trkpt lat="33.185032568871975" lon="-96.72075010836124">
        <ele>214.2</ele>
      </trkpt>
      <trkpt lat="33.18505151197314" lon="-96.72073585912585">
        <ele>214.2</ele>
      </trkpt>
      <trkpt lat="33.185165505856276" lon="-96.72063971869648">
        <ele>214.4</ele>
      </trkpt>
      <trkpt lat="33.18523817695677" lon="-96.72058615833521">
        <ele>214.6</ele>
      </trkpt>
      <trkpt lat="33.185322750359774" lon="-96.72050996683538">
        <ele>215.0</ele>
      </trkpt>
      <trkpt lat="33.18540774285793" lon="-96.72043385915458">
        <ele>214.8</ele>
      </trkpt>
      <trkpt lat="33.18549977615476" lon="-96.72036722302437">
        <ele>214.4</ele>
      </trkpt>
      <trkpt lat="33.18559432402253" lon="-96.7202964797616">
        <ele>214.0</ele>
      </trkpt>
      <trkpt lat="33.18565056659281" lon="-96.7202513013035">
        <ele>214.0</ele>
      </trkpt>
      <trkpt lat="33.18566867150366" lon="-96.72023613005877">
        <ele>213.8</ele>
      </trkpt>
      <trkpt lat="33.185757184401155" lon="-96.72010973095894">
        <ele>213.4</ele>
      </trkpt>
      <trkpt lat="33.185764057561755" lon="-96.72008257359266">
        <ele>213.4</ele>
      </trkpt>
      <trkpt lat="33.1857705116272" lon="-96.72000219114125">
        <ele>213.4</ele>
      </trkpt>
      <trkpt lat="33.18575190380216" lon="-96.7198942322284">
        <ele>213.6</ele>
      </trkpt>
      <trkpt lat="33.18573237396777" lon="-96.71984528191388">
        <ele>214.0</ele>
      </trkpt>
      <trkpt lat="33.185704462230206" lon="-96.71978057362139">
        <ele>214.6</ele>
      </trkpt>
      <trkpt lat="33.18568510003388" lon="-96.71973707154393">
        <ele>215.0</ele>
      </trkpt>
      <trkpt lat="33.1856753770262" lon="-96.71971670351923">
        <ele>215.6</ele>
      </trkpt>
      <trkpt lat="33.18565576337278" lon="-96.71967471018434">
        <ele>216.2</ele>
      </trkpt>
      <trkpt lat="33.185635479167104" lon="-96.71963062137365">
        <ele>216.2</ele>
      </trkpt>
      <trkpt lat="33.18557848222554" lon="-96.71951277181506">
        <ele>215.8</ele>
      </trkpt>
      <trkpt lat="33.18553648889065" lon="-96.71938662417233">
        <ele>215.6</ele>
      </trkpt>
      <trkpt lat="33.18550488911569" lon="-96.71928998082876">
        <ele>215.2</ele>
      </trkpt>
      <trkpt lat="33.185461135581136" lon="-96.71913851983845">
        <ele>215.4</ele>
      </trkpt>
      <trkpt lat="33.18544479086995" lon="-96.71909040771425">
        <ele>215.6</ele>
      </trkpt>
      <trkpt lat="33.18540011532605" lon="-96.71894079074264">
        <ele>215.8</ele>
      </trkpt>
      <trkpt lat="33.18538745865226" lon="-96.71888630837202">
        <ele>215.8</ele>
      </trkpt>
      <trkpt lat="33.18535812199116" lon="-96.71873182989657">
        <ele>215.4</ele>
      </trkpt>
      <trkpt lat="33.185351584106684" lon="-96.71870752237737">
        <ele>215.2</ele>
      </trkpt>
      <trkpt lat="33.185343872755766" lon="-96.71868287958205">
        <ele>215.0</ele>
      </trkpt>
      <trkpt lat="33.185329707339406" lon="-96.71863124705851">
        <ele>214.6</ele>
      </trkpt>
      <trkpt lat="33.18529366515577" lon="-96.71847827732563">
        <ele>214.8</ele>
      </trkpt>
      <trkpt lat="33.18526005372405" lon="-96.7183743417263">
        <ele>214.8</ele>
      </trkpt>
      <trkpt lat="33.18522878922522" lon="-96.71823671087623">
        <ele>214.4</ele>
      </trkpt>
      <trkpt lat="33.185188388451934" lon="-96.71810226514935">
        <ele>214.4</ele>
      </trkpt>
      <trkpt lat="33.1851692777127" lon="-96.71802590601146">
        <ele>214.0</ele>
      </trkpt>
      <trkpt lat="33.18516273982823" lon="-96.71799891628325">
        <ele>214.0</ele>
      </trkpt>
      <trkpt lat="33.18511043675244" lon="-96.71783739700913">
        <ele>213.6</ele>
      </trkpt>
      <trkpt lat="33.18506006151438" lon="-96.71767604537308">
        <ele>213.6</ele>
      </trkpt>
      <trkpt lat="33.185042794793844" lon="-96.71762558631599">
        <ele>213.6</ele>
      </trkpt>
      <trkpt lat="33.18502494134009" lon="-96.71757294796407">
        <ele>213.6</ele>
      </trkpt>
      <trkpt lat="33.18499258719385" lon="-96.71747622080147">
        <ele>214.2</ele>
      </trkpt>
      <trkpt lat="33.18497657775879" lon="-96.71742525883019">
        <ele>214.2</ele>
      </trkpt>
      <trkpt lat="33.18493257276714" lon="-96.71732735820115">
        <ele>213.8</ele>
      </trkpt>
      <trkpt lat="33.18487850949168" lon="-96.71721311286092">
        <ele>212.8</ele>
      </trkpt>
      <trkpt lat="33.18482218310237" lon="-96.71709559857845">
        <ele>212.4</ele>
      </trkpt>
      <trkpt lat="33.18474951200187" lon="-96.7169514298439">
        <ele>211.8</ele>
      </trkpt>
      <trkpt lat="33.18470240570605" lon="-96.71685453504324">
        <ele>212.0</ele>
      </trkpt>
      <trkpt lat="33.18465169519186" lon="-96.71676057390869">
        <ele>211.6</ele>
      </trkpt>
      <trkpt lat="33.18463845178485" lon="-96.71673861332238">
        <ele>211.4</ele>
      </trkpt>
      <trkpt lat="33.18457047455013" lon="-96.71663769520819">
        <ele>211.4</ele>
      </trkpt>
      <trkpt lat="33.18454524502158" lon="-96.71659008599818">
        <ele>211.4</ele>
      </trkpt>
      <trkpt lat="33.184480955824256" lon="-96.71645698137581">
        <ele>211.4</ele>
      </trkpt>
      <trkpt lat="33.184461845085025" lon="-96.7164093721658">
        <ele>211.6</ele>
      </trkpt>
      <trkpt lat="33.18443820811808" lon="-96.7163612600416">
        <ele>211.6</ele>
      </trkpt>
      <trkpt lat="33.184388000518084" lon="-96.71627559699118">
        <ele>211.2</ele>
      </trkpt>
      <trkpt lat="33.18434290587902" lon="-96.71621826477349">
        <ele>211.4</ele>
      </trkpt>
      <trkpt lat="33.184325974434614" lon="-96.71619781292975">
        <ele>211.6</ele>
      </trkpt>
      <trkpt lat="33.18423880264163" lon="-96.71607694588602">
        <ele>211.8</ele>
      </trkpt>
      <trkpt lat="33.18422514013946" lon="-96.71605515293777">
        <ele>211.8</ele>
      </trkpt>
      <trkpt lat="33.18418758921325" lon="-96.7159928753972">
        <ele>211.8</ele>
      </trkpt>
      <trkpt lat="33.18409463390708" lon="-96.71587561257184">
        <ele>211.6</ele>
      </trkpt>
      <trkpt lat="33.18403369747102" lon="-96.71579330228269">
        <ele>211.8</ele>
      </trkpt>
      <trkpt lat="33.18394845351577" lon="-96.7156942281872">
        <ele>211.8</ele>
      </trkpt>
      <trkpt lat="33.18387368693948" lon="-96.71559389680624">
        <ele>212.0</ele>
      </trkpt>
      <trkpt lat="33.18382834084332" lon="-96.71553446911275">
        <ele>212.0</ele>
      </trkpt>
      <trkpt lat="33.183729434385896" lon="-96.71542558819056">
        <ele>211.0</ele>
      </trkpt>
      <trkpt lat="33.18371208384633" lon="-96.71540999785066">
        <ele>210.8</ele>
      </trkpt>
      <trkpt lat="33.183694733306766" lon="-96.71539155766368">
        <ele>210.6</ele>
      </trkpt>
      <trkpt lat="33.1836377363652" lon="-96.71531955711544">
        <ele>210.2</ele>
      </trkpt>
      <trkpt lat="33.183657014742494" lon="-96.71527421101928">
        <ele>210.0</ele>
      </trkpt>
      <trkpt lat="33.18371116183698" lon="-96.71521344222128">
        <ele>209.8</ele>
      </trkpt>
      <trkpt lat="33.183743096888065" lon="-96.7151764780283">
        <ele>209.8</ele>
      </trkpt>
      <trkpt lat="33.18377360701561" lon="-96.71513892710209">
        <ele>209.6</ele>
      </trkpt>
      <trkpt lat="33.18386941216886" lon="-96.71502870507538">
        <ele>209.0</ele>
      </trkpt>
      <trkpt lat="33.183903777971864" lon="-96.71499182470143">
        <ele>208.6</ele>
      </trkpt>
      <trkpt lat="33.18398407660425" lon="-96.71490247361362">
        <ele>207.6</ele>
      </trkpt>
      <trkpt lat="33.18403202109039" lon="-96.71484656631947">
        <ele>206.8</ele>
      </trkpt>
      <trkpt lat="33.18404786288738" lon="-96.71482837758958">
        <ele>206.8</ele>
      </trkpt>
      <trkpt lat="33.1841124035418" lon="-96.71476325020194">
        <ele>207.2</ele>
      </trkpt>
      <trkpt lat="33.18419982679188" lon="-96.71468303538859">
        <ele>208.2</ele>
      </trkpt>
      <trkpt lat="33.18423444405198" lon="-96.71464959159493">
        <ele>208.6</ele>
      </trkpt>
      <trkpt lat="33.184325555339456" lon="-96.7145509365946">
        <ele>208.6</ele>
      </trkpt>
      <trkpt lat="33.18433737382293" lon="-96.71453408896923">
        <ele>208.4</ele>
      </trkpt>
      <trkpt lat="33.184349443763494" lon="-96.71451698988676">
        <ele>208.2</ele>
      </trkpt>
      <trkpt lat="33.18440208211541" lon="-96.7144076898694">
        <ele>208.4</ele>
      </trkpt>
      <trkpt lat="33.18441951647401" lon="-96.71436921693385">
        <ele>208.2</ele>
      </trkpt>
      <trkpt lat="33.1844422314316" lon="-96.71432822942734">
        <ele>208.0</ele>
      </trkpt>
      <trkpt lat="33.18451926112175" lon="-96.71423493884504">
        <ele>207.8</ele>
      </trkpt>
      <trkpt lat="33.18460710346699" lon="-96.71414810232818">
        <ele>208.2</ele>
      </trkpt>
      <trkpt lat="33.184638200327754" lon="-96.7141214478761">
        <ele>208.0</ele>
      </trkpt>
      <trkpt lat="33.18472537212074" lon="-96.71401902101934">
        <ele>208.2</ele>
      </trkpt>
      <trkpt lat="33.184756468981504" lon="-96.71397962607443">
        <ele>208.6</ele>
      </trkpt>
      <trkpt lat="33.18485939875245" lon="-96.71387527137995">
        <ele>208.6</ele>
      </trkpt>
      <trkpt lat="33.18492913618684" lon="-96.71378642320633">
        <ele>208.0</ele>
      </trkpt>
      <trkpt lat="33.18501555360854" lon="-96.71364745125175">
        <ele>207.8</ele>
      </trkpt>
      <trkpt lat="33.18504095077515" lon="-96.71359900385141">
        <ele>207.8</ele>
      </trkpt>
      <trkpt lat="33.18506718613207" lon="-96.71355256810784">
        <ele>207.8</ele>
      </trkpt>
      <trkpt lat="33.18509543314576" lon="-96.713513340801">
        <ele>207.6</ele>
      </trkpt>
      <trkpt lat="33.185159554705024" lon="-96.71344175934792">
        <ele>207.8</ele>
      </trkpt>
      <trkpt lat="33.1852194853127" lon="-96.713360035792">
        <ele>208.0</ele>
      </trkpt>
      <trkpt lat="33.18529265932739" lon="-96.7132902983576">
        <ele>207.2</ele>
      </trkpt>
      <trkpt lat="33.18534521386027" lon="-96.71324713155627">
        <ele>206.6</ele>
      </trkpt>
      <trkpt lat="33.18539743311703" lon="-96.71319600194693">
        <ele>206.0</ele>
      </trkpt>
      <trkpt lat="33.18543632514775" lon="-96.71316021122038">
        <ele>206.0</ele>
      </trkpt>
      <trkpt lat="33.185545122250915" lon="-96.71305635944009">
        <ele>206.4</ele>
      </trkpt>
      <trkpt lat="33.18556398153305" lon="-96.71304060146213">
        <ele>206.4</ele>
      </trkpt>
      <trkpt lat="33.185582254081964" lon="-96.7130249273032">
        <ele>206.4</ele>
      </trkpt>
      <trkpt lat="33.185674119740725" lon="-96.7129041440785">
        <ele>205.4</ele>
      </trkpt>
      <trkpt lat="33.18568577058613" lon="-96.71288377605379">
        <ele>205.4</ele>
      </trkpt>
      <trkpt lat="33.1857218965888" lon="-96.7128158826381">
        <ele>205.2</ele>
      </trkpt>
      <trkpt lat="33.18578182719648" lon="-96.71270180493593">
        <ele>205.6</ele>
      </trkpt>
      <trkpt lat="33.185840249061584" lon="-96.71260122209787">
        <ele>205.0</ele>
      </trkpt>
      <trkpt lat="33.18588400259614" lon="-96.71253751963377">
        <ele>204.4</ele>
      </trkpt>
      <trkpt lat="33.18599003367126" lon="-96.71242008917034">
        <ele>204.2</ele>
      </trkpt>
      <trkpt lat="33.1860086414963" lon="-96.71240382827818">
        <ele>204.2</ele>
      </trkpt>
      <trkpt lat="33.18608810193837" lon="-96.71233585104346">
        <ele>203.4</ele>
      </trkpt>
      <trkpt lat="33.18612632341683" lon="-96.71229989267886">
        <ele>203.0</ele>
      </trkpt>
      <trkpt lat="33.18620016798377" lon="-96.71222730539739">
        <ele>203.0</ele>
      </trkpt>
      <trkpt lat="33.18630804307759" lon="-96.71211616136134">
        <ele>203.2</ele>
      </trkpt>
      <trkpt lat="33.18637107498944" lon="-96.71203921549022">
        <ele>202.4</ele>
      </trkpt>
      <trkpt lat="33.18638549186289" lon="-96.71202220022678">
        <ele>202.2</ele>
      </trkpt>
      <trkpt lat="33.186476519331336" lon="-96.71191172674298">
        <ele>201.2</ele>
      </trkpt>
      <trkpt lat="33.186493115499616" lon="-96.71189362183213">
        <ele>201.2</ele>
      </trkpt>
      <trkpt lat="33.18652303889394" lon="-96.7118557356298">
        <ele>201.2</ele>
      </trkpt>
      <trkpt lat="33.186608366668224" lon="-96.71172003261745">
        <ele>201.0</ele>
      </trkpt>
      <trkpt lat="33.18666184321046" lon="-96.71162984333932">
        <ele>201.4</ele>
      </trkpt>
      <trkpt lat="33.18673233501613" lon="-96.71152791939676">
        <ele>202.0</ele>
      </trkpt>
      <trkpt lat="33.18674641661346" lon="-96.71150763519108">
        <ele>202.2</ele>
      </trkpt>
      <trkpt lat="33.186806850135326" lon="-96.71143135987222">
        <ele>202.2</ele>
      </trkpt>
      <trkpt lat="33.18686225451529" lon="-96.71136170625687">
        <ele>202.4</ele>
      </trkpt>
      <trkpt lat="33.186951437965035" lon="-96.71123782172799">
        <ele>201.2</ele>
      </trkpt>
      <trkpt lat="33.186998292803764" lon="-96.71117856167257">
        <ele>201.0</ele>
      </trkpt>
      <trkpt lat="33.187084291130304" lon="-96.71106708236039">
        <ele>201.4</ele>
      </trkpt>
      <trkpt lat="33.18709921091795" lon="-96.71104696579278">
        <ele>201.4</ele>
      </trkpt>
      <trkpt lat="33.1871154718101" lon="-96.71102584339678">
        <ele>201.2</ele>
      </trkpt>
      <trkpt lat="33.18720515817404" lon="-96.71091268770397">
        <ele>200.8</ele>
      </trkpt>
      <trkpt lat="33.187237260863185" lon="-96.71087555587292">
        <ele>200.8</ele>
      </trkpt>
      <trkpt lat="33.187254862859845" lon="-96.71085300855339">
        <ele>201.0</ele>
      </trkpt>
      <trkpt lat="33.18735091947019" lon="-96.7107433732599">
        <ele>201.8</ele>
      </trkpt>
      <trkpt lat="33.18737690337002" lon="-96.71071277931333">
        <ele>202.0</ele>
      </trkpt>
      <trkpt lat="33.18740716204047" lon="-96.71068930998445">
        <ele>202.0</ele>
      </trkpt>
      <trkpt lat="33.18749986588955" lon="-96.71063088811934">
        <ele>201.8</ele>
      </trkpt>
      <trkpt lat="33.18755510263145" lon="-96.71059124171734">
        <ele>202.2</ele>
      </trkpt>
      <trkpt lat="33.1875800807029" lon="-96.71056098304689">
        <ele>202.2</ele>
      </trkpt>
      <trkpt lat="33.187609417364" lon="-96.71053072437644">
        <ele>202.2</ele>
      </trkpt>
      <trkpt lat="33.18770765326917" lon="-96.71042477712035">
        <ele>202.0</ele>
      </trkpt>
      <trkpt lat="33.187720980495214" lon="-96.71040784567595">
        <ele>201.8</ele>
      </trkpt>
      <trkpt lat="33.18773497827351" lon="-96.71039141714573">
        <ele>201.6</ele>
      </trkpt>
      <trkpt lat="33.18782323971391" lon="-96.71026552096009">
        <ele>201.4</ele>
      </trkpt>
      <trkpt lat="33.187859784811735" lon="-96.71022528782487">
        <ele>201.6</ele>
      </trkpt>
      <trkpt lat="33.187894402071834" lon="-96.71017843298614">
        <ele>201.6</ele>
      </trkpt>
      <trkpt lat="33.187992218881845" lon="-96.71005060896277">
        <ele>201.4</ele>
      </trkpt>
      <trkpt lat="33.188043935224414" lon="-96.70997450128198">
        <ele>201.4</ele>
      </trkpt>
      <trkpt lat="33.18807695992291" lon="-96.70993686653674">
        <ele>201.2</ele>
      </trkpt>
      <trkpt lat="33.1881102360785" lon="-96.70989864505827">
        <ele>200.8</ele>
      </trkpt>
      <trkpt lat="33.18822557106614" lon="-96.70981314964592">
        <ele>200.6</ele>
      </trkpt>
      <trkpt lat="33.18824568763375" lon="-96.70979923568666">
        <ele>200.6</ele>
      </trkpt>
      <trkpt lat="33.18836152553558" lon="-96.70972396619618">
        <ele>201.0</ele>
      </trkpt>
      <trkpt lat="33.18840100429952" lon="-96.70969597063959">
        <ele>201.0</ele>
      </trkpt>
      <trkpt lat="33.18842095322907" lon="-96.70968188904226">
        <ele>200.8</ele>
      </trkpt>
      <trkpt lat="33.18850351497531" lon="-96.70961701311171">
        <ele>200.0</ele>
      </trkpt>
      <trkpt lat="33.18858616054058" lon="-96.70954568311572">
        <ele>200.0</ele>
      </trkpt>
      <trkpt lat="33.188624465838075" lon="-96.7095123231411">
        <ele>200.2</ele>
      </trkpt>
      <trkpt lat="33.18873309530318" lon="-96.709408974275">
        <ele>199.6</ele>
      </trkpt>
      <trkpt lat="33.188807694241405" lon="-96.70935289934278">
        <ele>199.4</ele>
      </trkpt>
      <trkpt lat="33.188925459980965" lon="-96.70927159488201">
        <ele>199.4</ele>
      </trkpt>
      <trkpt lat="33.18896644748747" lon="-96.70925256796181">
        <ele>199.0</ele>
      </trkpt>
      <trkpt lat="33.18900735117495" lon="-96.70923756435513">
        <ele>198.8</ele>
      </trkpt>
      <trkpt lat="33.18911924958229" lon="-96.70918651856482">
        <ele>198.2</ele>
      </trkpt>
      <trkpt lat="33.18920415826142" lon="-96.70914142392576">
        <ele>198.0</ele>
      </trkpt>
      <trkpt lat="33.189224945381284" lon="-96.7091309465468">
        <ele>198.0</ele>
      </trkpt>
      <trkpt lat="33.18929309025407" lon="-96.70909817330539">
        <ele>198.0</ele>
      </trkpt>
      <trkpt lat="33.18942594341934" lon="-96.70903036370873">
        <ele>198.2</ele>
      </trkpt>
      <trkpt lat="33.18944706581533" lon="-96.70901779085398">
        <ele>198.2</ele>
      </trkpt>
      <trkpt lat="33.189501632004976" lon="-96.70896624214947">
        <ele>198.2</ele>
      </trkpt>
      <trkpt lat="33.189626690000296" lon="-96.70888753607869">
        <ele>198.6</ele>
      </trkpt>
      <trkpt lat="33.189644711092114" lon="-96.70887395739555">
        <ele>198.8</ele>
      </trkpt>
      <trkpt lat="33.18966214545071" lon="-96.708859289065">
        <ele>199.0</ele>
      </trkpt>
      <trkpt lat="33.18976717069745" lon="-96.70878628268838">
        <ele>199.6</ele>
      </trkpt>
      <trkpt lat="33.18980027921498" lon="-96.70875560492277">
        <ele>199.4</ele>
      </trkpt>
      <trkpt lat="33.189818216487765" lon="-96.70873993076384">
        <ele>199.4</ele>
      </trkpt>
      <trkpt lat="33.189933048561215" lon="-96.70868896879256">
        <ele>199.4</ele>
      </trkpt>
      <trkpt lat="33.1900236569345" lon="-96.70866373926401">
        <ele>198.8</ele>
      </trkpt>
      <trkpt lat="33.19016790948808" lon="-96.70861847698689">
        <ele>198.2</ele>
      </trkpt>
      <trkpt lat="33.19025969132781" lon="-96.70859090052545">
        <ele>197.8</ele>
      </trkpt>
      <trkpt lat="33.19039413705468" lon="-96.70854748226702">
        <ele>197.0</ele>
      </trkpt>
      <trkpt lat="33.19044048897922" lon="-96.70852820388973">
        <ele>196.6</ele>
      </trkpt>
      <trkpt lat="33.1904864218086" lon="-96.70851588249207">
        <ele>196.2</ele>
      </trkpt>
      <trkpt lat="33.19060460664332" lon="-96.70847657136619">
        <ele>195.6</ele>
      </trkpt>
      <trkpt lat="33.19062707014382" lon="-96.70847137458622">
        <ele>195.6</ele>
      </trkpt>
      <trkpt lat="33.19064995273948" lon="-96.70846408233047">
        <ele>195.6</ele>
      </trkpt>
      <trkpt lat="33.190724132582545" lon="-96.7084464803338">
        <ele>195.8</ele>
      </trkpt>
      <trkpt lat="33.19084390997887" lon="-96.708425860852">
        <ele>195.4</ele>
      </trkpt>
      <trkpt lat="33.190958155319095" lon="-96.70840599574149">
        <ele>194.6</ele>
      </trkpt>
      <trkpt lat="33.1910218577832" lon="-96.7083883099258">
        <ele>194.4</ele>
      </trkpt>
      <trkpt lat="33.19114021025598" lon="-96.70835402794182">
        <ele>194.4</ele>
      </trkpt>
      <trkpt lat="33.19116183556616" lon="-96.70834321528673">
        <ele>194.4</ele>
      </trkpt>
      <trkpt lat="33.191201984882355" lon="-96.7083206679672">
        <ele>194.4</ele>
      </trkpt>
      <trkpt lat="33.19132972508669" lon="-96.70827171765268">
        <ele>194.0</ele>
      </trkpt>
      <trkpt lat="33.19135554134846" lon="-96.70826844871044">
        <ele>193.8</ele>
      </trkpt>
      <trkpt lat="33.191377921029925" lon="-96.70826643705368">
        <ele>193.8</ele>
      </trkpt>
      <trkpt lat="33.19151546806097" lon="-96.70823357999325">
        <ele>194.0</ele>
      </trkpt>
      <trkpt lat="33.191611524671316" lon="-96.70823064632714">
        <ele>194.2</ele>
      </trkpt>
      <trkpt lat="33.19166634231806" lon="-96.7082345020026">
        <ele>193.4</ele>
      </trkpt>
      <trkpt lat="33.19181243889034" lon="-96.70823559165001">
        <ele>192.6</ele>
      </trkpt>
      <trkpt lat="33.19185644388199" lon="-96.70822201296687">
        <ele>192.8</ele>
      </trkpt>
      <trkpt lat="33.191878320649266" lon="-96.70816920697689">
        <ele>193.0</ele>
      </trkpt>
      <trkpt lat="33.19187982939184" lon="-96.70809712260962">
        <ele>193.6</ele>
      </trkpt>
      <trkpt lat="33.19187454879284" lon="-96.7080027423799">
        <ele>194.0</ele>
      </trkpt>
      <trkpt lat="33.19186499342322" lon="-96.7079128883779">
        <ele>194.0</ele>
      </trkpt>
      <trkpt lat="33.19185325875878" lon="-96.70785941183567">
        <ele>194.0</ele>
      </trkpt>
      <trkpt lat="33.19184286519885" lon="-96.70780627056956">
        <ele>194.4</ele>
      </trkpt>
      <trkpt lat="33.1918369140476" lon="-96.70769914984703">
        <ele>195.6</ele>
      </trkpt>
      <trkpt lat="33.191831884905696" lon="-96.70764307491481">
        <ele>195.8</ele>
      </trkpt>
      <trkpt lat="33.19182853214443" lon="-96.70748792588711">
        <ele>195.8</ele>
      </trkpt>
      <trkpt lat="33.19183289073408" lon="-96.70744232833385">
        <ele>195.8</ele>
      </trkpt>
      <trkpt lat="33.19183590821922" lon="-96.70739664696157">
        <ele>195.8</ele>
      </trkpt>
      <trkpt lat="33.19182149134576" lon="-96.70728064142168">
        <ele>195.2</ele>
      </trkpt>
      <trkpt lat="33.19179601036012" lon="-96.70710981823504">
        <ele>195.4</ele>
      </trkpt>
      <trkpt lat="33.19177622906864" lon="-96.70702692121267">
        <ele>195.4</ele>
      </trkpt>
      <trkpt lat="33.19174027070403" lon="-96.70686774887145">
        <ele>195.0</ele>
      </trkpt>
      <trkpt lat="33.19173390045762" lon="-96.70684126205742">
        <ele>194.8</ele>
      </trkpt>
      <trkpt lat="33.19172711111605" lon="-96.70681695453823">
        <ele>195.0</ele>
      </trkpt>
      <trkpt lat="33.19171043112874" lon="-96.70667965896428">
        <ele>195.0</ele>
      </trkpt>
      <trkpt lat="33.19169542752206" lon="-96.70659894123673">
        <ele>195.0</ele>
      </trkpt>
      <trkpt lat="33.191691655665636" lon="-96.70657563954592">
        <ele>195.0</ele>
      </trkpt>
      <trkpt lat="33.19166298955679" lon="-96.7064656689763">
        <ele>195.4</ele>
      </trkpt>
      <trkpt lat="33.19162141531706" lon="-96.70634874142706">
        <ele>194.8</ele>
      </trkpt>
      <trkpt lat="33.19159568287432" lon="-96.70629786327481">
        <ele>194.4</ele>
      </trkpt>
      <trkpt lat="33.191587468609214" lon="-96.70627104118466">
        <ele>194.2</ele>
      </trkpt>
      <trkpt lat="33.191536171361804" lon="-96.70611907728016">
        <ele>194.0</ele>
      </trkpt>
      <trkpt lat="33.19153290241957" lon="-96.70609485358">
        <ele>194.2</ele>
      </trkpt>
      <trkpt lat="33.19151982665062" lon="-96.70604204759002">
        <ele>194.0</ele>
      </trkpt>
      <trkpt lat="33.19151261821389" lon="-96.70599217526615">
        <ele>193.2</ele>
      </trkpt>
      <trkpt lat="33.191471211612225" lon="-96.70583627186716">
        <ele>192.8</ele>
      </trkpt>
      <trkpt lat="33.19139376282692" lon="-96.70567190274596">
        <ele>193.0</ele>
      </trkpt>
      <trkpt lat="33.19134087301791" lon="-96.70557576231658">
        <ele>192.6</ele>
      </trkpt>
      <trkpt lat="33.19127934984863" lon="-96.70545665547252">
        <ele>192.6</ele>
      </trkpt>
      <trkpt lat="33.19123676978052" lon="-96.70533796772361">
        <ele>192.2</ele>
      </trkpt>
      <trkpt lat="33.19120081141591" lon="-96.70524694025517">
        <ele>192.4</ele>
      </trkpt>
      <trkpt lat="33.19111707620323" lon="-96.70511509291828">
        <ele>192.6</ele>
      </trkpt>
      <trkpt lat="33.19108631461859" lon="-96.7050792183727">
        <ele>192.4</ele>
      </trkpt>
      <trkpt lat="33.190998220816255" lon="-96.70496354810894">
        <ele>191.8</ele>
      </trkpt>
      <trkpt lat="33.19097659550607" lon="-96.70491702854633">
        <ele>191.8</ele>
      </trkpt>
      <trkpt lat="33.190965531393886" lon="-96.70489045791328">
        <ele>191.8</ele>
      </trkpt>
      <trkpt lat="33.190903924405575" lon="-96.70475215651095">
        <ele>191.8</ele>
      </trkpt>
      <trkpt lat="33.190888250246644" lon="-96.70473212376237">
        <ele>191.8</ele>
      </trkpt>
      <trkpt lat="33.190857069566846" lon="-96.70469373464584">
        <ele>192.0</ele>
      </trkpt>
      <trkpt lat="33.19075766019523" lon="-96.70456632971764">
        <ele>192.0</ele>
      </trkpt>
      <trkpt lat="33.19074299186468" lon="-96.70454202219844">
        <ele>191.8</ele>
      </trkpt>
      <trkpt lat="33.190702674910426" lon="-96.70447806827724">
        <ele>191.8</ele>
      </trkpt>
      <trkpt lat="33.190660178661346" lon="-96.70441143214703">
        <ele>191.6</ele>
      </trkpt>
      <trkpt lat="33.19056856445968" lon="-96.70429810881615">
        <ele>192.0</ele>
      </trkpt>
      <trkpt lat="33.19054936990142" lon="-96.70428008772433">
        <ele>192.4</ele>
      </trkpt>
      <trkpt lat="33.190450463443995" lon="-96.70416994951665">
        <ele>192.0</ele>
      </trkpt>
      <trkpt lat="33.19043369963765" lon="-96.70414815656841">
        <ele>191.8</ele>
      </trkpt>
      <trkpt lat="33.190388437360525" lon="-96.70408135280013">
        <ele>191.6</ele>
      </trkpt>
      <trkpt lat="33.1903135869652" lon="-96.70397540554404">
        <ele>191.4</ele>
      </trkpt>
      <trkpt lat="33.19022884592414" lon="-96.70388689264655">
        <ele>191.2</ele>
      </trkpt>
      <trkpt lat="33.190191965550184" lon="-96.7038465756923">
        <ele>191.4</ele>
      </trkpt>
      <trkpt lat="33.190080653876066" lon="-96.70373065397143">
        <ele>191.8</ele>
      </trkpt>
      <trkpt lat="33.190045868977904" lon="-96.70368991792202">
        <ele>191.8</ele>
      </trkpt>
      <trkpt lat="33.18994545377791" lon="-96.70356083661318">
        <ele>191.2</ele>
      </trkpt>
      <trkpt lat="33.18989792838693" lon="-96.7034974694252">
        <ele>191.2</ele>
      </trkpt>
      <trkpt lat="33.18987948819995" lon="-96.70347576029599">
        <ele>191.2</ele>
      </trkpt>
      <trkpt lat="33.18978485651314" lon="-96.70334617607296">
        <ele>191.8</ele>
      </trkpt>
      <trkpt lat="33.18972794339061" lon="-96.7032625246793">
        <ele>191.6</ele>
      </trkpt>
      <trkpt lat="33.189655523747206" lon="-96.70315540395677">
        <ele>191.6</ele>
      </trkpt>
      <trkpt lat="33.18958243355155" lon="-96.70305021107197">
        <ele>192.0</ele>
      </trkpt>
      <trkpt lat="33.18954513408244" lon="-96.70298625715077">
        <ele>192.2</ele>
      </trkpt>
      <trkpt lat="33.18946667946875" lon="-96.70284477062523">
        <ele>192.2</ele>
      </trkpt>
      <trkpt lat="33.1894520111382" lon="-96.7028206307441">
        <ele>192.4</ele>
      </trkpt>
      <trkpt lat="33.18942653015256" lon="-96.70277436263859">
        <ele>192.2</ele>
      </trkpt>
      <trkpt lat="33.18935486488044" lon="-96.70263287611306">
        <ele>191.6</ele>
      </trkpt>
      <trkpt lat="33.18934581242502" lon="-96.70260705985129">
        <ele>191.6</ele>
      </trkpt>
      <trkpt lat="33.18933558650315" lon="-96.70258266851306">
        <ele>191.6</ele>
      </trkpt>
      <trkpt lat="33.189280182123184" lon="-96.7024421878159">
        <ele>191.4</ele>
      </trkpt>
      <trkpt lat="33.189263083040714" lon="-96.70239759609103">
        <ele>191.4</ele>
      </trkpt>
      <trkpt lat="33.18924816325307" lon="-96.70235526748002">
        <ele>191.4</ele>
      </trkpt>
      <trkpt lat="33.18920608609915" lon="-96.70224320143461">
        <ele>192.2</ele>
      </trkpt>
      <trkpt lat="33.18913794122636" lon="-96.70212568715215">
        <ele>192.8</ele>
      </trkpt>
      <trkpt lat="33.18911916576326" lon="-96.70207128860056">
        <ele>193.2</ele>
      </trkpt>
      <trkpt lat="33.18911246024072" lon="-96.70204589143395">
        <ele>193.4</ele>
      </trkpt>
      <trkpt lat="33.18907817825675" lon="-96.70192569494247">
        <ele>193.6</ele>
      </trkpt>
      <trkpt lat="33.18906837143004" lon="-96.70187456533313">
        <ele>193.8</ele>
      </trkpt>
      <trkpt lat="33.18906317465007" lon="-96.70184916816652">
        <ele>193.8</ele>
      </trkpt>
      <trkpt lat="33.18903610110283" lon="-96.7017534468323">
        <ele>194.2</ele>
      </trkpt>
      <trkpt lat="33.18902160041034" lon="-96.7017117049545">
        <ele>194.2</ele>
      </trkpt>
      <trkpt lat="33.18900383077562" lon="-96.70164540410042">
        <ele>194.4</ele>
      </trkpt>
      <trkpt lat="33.18894834257662" lon="-96.70151573605835">
        <ele>194.8</ele>
      </trkpt>
      <trkpt lat="33.188938619568944" lon="-96.70149276964366">
        <ele>195.0</ele>
      </trkpt>
      <trkpt lat="33.18892051465809" lon="-96.70144675299525">
        <ele>195.4</ele>
      </trkpt>
      <trkpt lat="33.18891431204975" lon="-96.70142563059926">
        <ele>195.6</ele>
      </trkpt>
      <trkpt lat="33.188910288736224" lon="-96.7013390455395">
        <ele>196.2</ele>
      </trkpt>
      <trkpt lat="33.18890215829015" lon="-96.70129302889109">
        <ele>196.4</ele>
      </trkpt>
      <trkpt lat="33.18886904977262" lon="-96.70119479298592">
        <ele>197.2</ele>
      </trkpt>
      <trkpt lat="33.18886226043105" lon="-96.70116847380996">
        <ele>197.4</ele>
      </trkpt>
      <trkpt lat="33.188854129984975" lon="-96.70114114880562">
        <ele>197.4</ele>
      </trkpt>
      <trkpt lat="33.18878095597029" lon="-96.70099622569978">
        <ele>197.6</ele>
      </trkpt>
      <trkpt lat="33.18876871839166" lon="-96.70097032561898">
        <ele>197.6</ele>
      </trkpt>
      <trkpt lat="33.18875564262271" lon="-96.70094744302332">
        <ele>197.8</ele>
      </trkpt>
      <trkpt lat="33.18867743946612" lon="-96.70081534422934">
        <ele>198.6</ele>
      </trkpt>
      <trkpt lat="33.18864977918565" lon="-96.70071710832417">
        <ele>199.2</ele>
      </trkpt>
      <trkpt lat="33.188640139997005" lon="-96.70061300508678">
        <ele>199.6</ele>
      </trkpt>
      <trkpt lat="33.18863687105477" lon="-96.70058643445373">
        <ele>199.6</ele>
      </trkpt>
      <trkpt lat="33.18861926905811" lon="-96.70045944862068">
        <ele>199.8</ele>
      </trkpt>
      <trkpt lat="33.18860242143273" lon="-96.70035811141133">
        <ele>200.2</ele>
      </trkpt>
      <trkpt lat="33.188577610999346" lon="-96.70028066262603">
        <ele>200.6</ele>
      </trkpt>
      <trkpt lat="33.18854844197631" lon="-96.70021218247712">
        <ele>200.6</ele>
      </trkpt>
      <trkpt lat="33.1885196082294" lon="-96.70014437288046">
        <ele>201.0</ele>
      </trkpt>
      <trkpt lat="33.18849169649184" lon="-96.69999148696661">
        <ele>201.6</ele>
      </trkpt>
      <trkpt lat="33.18849286995828" lon="-96.69996575452387">
        <ele>201.6</ele>
      </trkpt>
      <trkpt lat="33.18849731236696" lon="-96.69994052499533">
        <ele>201.8</ele>
      </trkpt>
      <trkpt lat="33.188494965434074" lon="-96.69978411868215">
        <ele>202.2</ele>
      </trkpt>
      <trkpt lat="33.18848951719701" lon="-96.69972737319767">
        <ele>202.2</ele>
      </trkpt>
      <trkpt lat="33.18848507478833" lon="-96.69969820417464">
        <ele>202.4</ele>
      </trkpt>
      <trkpt lat="33.18846118636429" lon="-96.6995289735496">
        <ele>202.6</ele>
      </trkpt>
      <trkpt lat="33.18845305591822" lon="-96.6994998883456">
        <ele>202.6</ele>
      </trkpt>
      <trkpt lat="33.18842187523842" lon="-96.69942285865545">
        <ele>202.6</ele>
      </trkpt>
      <trkpt lat="33.188412906602025" lon="-96.6993976291269">
        <ele>202.6</ele>
      </trkpt>
      <trkpt lat="33.188388431444764" lon="-96.69932621531188">
        <ele>202.8</ele>
      </trkpt>
      <trkpt lat="33.188382145017385" lon="-96.69930023141205">
        <ele>202.8</ele>
      </trkpt>
      <trkpt lat="33.18836563266814" lon="-96.69916276820004">
        <ele>203.0</ele>
      </trkpt>
      <trkpt lat="33.18836588412523" lon="-96.69913527555764">
        <ele>203.2</ele>
      </trkpt>
      <trkpt lat="33.188376193866134" lon="-96.69897970743477">
        <ele>202.8</ele>
      </trkpt>
      <trkpt lat="33.18837753497064" lon="-96.6989020910114">
        <ele>202.8</ele>
      </trkpt>
      <trkpt lat="33.18837057799101" lon="-96.69875163584948">
        <ele>203.2</ele>
      </trkpt>
      <trkpt lat="33.188350377604365" lon="-96.69867360033095">
        <ele>203.2</ele>
      </trkpt>
      <trkpt lat="33.18834283389151" lon="-96.69865138828754">
        <ele>203.2</ele>
      </trkpt>
      <trkpt lat="33.18832648918033" lon="-96.6985000949353">
        <ele>203.0</ele>
      </trkpt>
      <trkpt lat="33.188339145854115" lon="-96.69837864115834">
        <ele>202.4</ele>
      </trkpt>
      <trkpt lat="33.188348868861794" lon="-96.69829272665083">
        <ele>202.2</ele>
      </trkpt>
      <trkpt lat="33.188348365947604" lon="-96.69812743552029">
        <ele>202.0</ele>
      </trkpt>
      <trkpt lat="33.18834484554827" lon="-96.69810036197305">
        <ele>202.0</ele>
      </trkpt>
      <trkpt lat="33.1883399002254" lon="-96.69807387515903">
        <ele>202.0</ele>
      </trkpt>
      <trkpt lat="33.188338140025735" lon="-96.69791704975069">
        <ele>202.0</ele>
      </trkpt>
      <trkpt lat="33.18835314363241" lon="-96.69783725403249">
        <ele>202.0</ele>
      </trkpt>
      <trkpt lat="33.18837694823742" lon="-96.69766668230295">
        <ele>202.8</ele>
      </trkpt>
      <trkpt lat="33.1883795466274" lon="-96.69760784134269">
        <ele>203.0</ele>
      </trkpt>
      <trkpt lat="33.18838155828416" lon="-96.69754958711565">
        <ele>203.0</ele>
      </trkpt>
      <trkpt lat="33.18840251304209" lon="-96.69738463126123">
        <ele>203.0</ele>
      </trkpt>
      <trkpt lat="33.18841986358166" lon="-96.69730483554304">
        <ele>202.8</ele>
      </trkpt>
      <trkpt lat="33.18842547945678" lon="-96.69727868400514">
        <ele>202.6</ele>
      </trkpt>
      <trkpt lat="33.18844844587147" lon="-96.69711632654071">
        <ele>202.0</ele>
      </trkpt>
      <trkpt lat="33.18845137953758" lon="-96.69706083834171">
        <ele>201.8</ele>
      </trkpt>
      <trkpt lat="33.1884522177279" lon="-96.69703301042318">
        <ele>201.6</ele>
      </trkpt>
      <trkpt lat="33.188452469184995" lon="-96.69700719416142">
        <ele>201.2</ele>
      </trkpt>
      <trkpt lat="33.18845464847982" lon="-96.69692027382553">
        <ele>200.4</ele>
      </trkpt>
      <trkpt lat="33.18846059963107" lon="-96.6968626063317">
        <ele>200.2</ele>
      </trkpt>
      <trkpt lat="33.18848448805511" lon="-96.69673461467028">
        <ele>199.6</ele>
      </trkpt>
      <trkpt lat="33.188513992354274" lon="-96.69658181257546">
        <ele>199.6</ele>
      </trkpt>
      <trkpt lat="33.18852891214192" lon="-96.6965243127197">
        <ele>199.4</ele>
      </trkpt>
      <trkpt lat="33.18853670731187" lon="-96.69647008180618">
        <ele>199.2</ele>
      </trkpt>
      <trkpt lat="33.188547268509865" lon="-96.69639648869634">
        <ele>199.2</ele>
      </trkpt>
      <trkpt lat="33.1885610986501" lon="-96.6962275095284">
        <ele>198.8</ele>
      </trkpt>
      <trkpt lat="33.188565289601684" lon="-96.6961995139718">
        <ele>198.8</ele>
      </trkpt>
      <trkpt lat="33.18857149221003" lon="-96.6961720213294">
        <ele>198.8</ele>
      </trkpt>
      <trkpt lat="33.18861356936395" lon="-96.69601670466363">
        <ele>199.0</ele>
      </trkpt>
      <trkpt lat="33.18862857297063" lon="-96.69596188701689">
        <ele>199.0</ele>
      </trkpt>
      <trkpt lat="33.188637625426054" lon="-96.69593464583158">
        <ele>199.0</ele>
      </trkpt>
      <trkpt lat="33.18867634981871" lon="-96.69577555730939">
        <ele>199.2</ele>
      </trkpt>
      <trkpt lat="33.188686491921544" lon="-96.69572191312909">
        <ele>199.0</ele>
      </trkpt>
      <trkpt lat="33.188689425587654" lon="-96.69567095115781">
        <ele>198.8</ele>
      </trkpt>
      <trkpt lat="33.188694370910525" lon="-96.69558671303093">
        <ele>198.4</ele>
      </trkpt>
      <trkpt lat="33.18868976086378" lon="-96.69550255872309">
        <ele>198.2</ele>
      </trkpt>
      <trkpt lat="33.18868925794959" lon="-96.69539862312376">
        <ele>198.6</ele>
      </trkpt>
      <trkpt lat="33.18870836868882" lon="-96.69528471305966">
        <ele>199.0</ele>
      </trkpt>
      <trkpt lat="33.188720773905516" lon="-96.6952065937221">
        <ele>199.4</ele>
      </trkpt>
      <trkpt lat="33.188744662329555" lon="-96.69513266533613">
        <ele>199.8</ele>
      </trkpt>
      <trkpt lat="33.18875748664141" lon="-96.69507994316518">
        <ele>199.8</ele>
      </trkpt>
      <trkpt lat="33.188786739483476" lon="-96.69492747634649">
        <ele>199.4</ele>
      </trkpt>
      <trkpt lat="33.188786655664444" lon="-96.6948807053268">
        <ele>199.2</ele>
      </trkpt>
      <trkpt lat="33.188787242397666" lon="-96.6948532126844">
        <ele>199.2</ele>
      </trkpt>
      <trkpt lat="33.18879864178598" lon="-96.69468867592514">
        <ele>199.0</ele>
      </trkpt>
      <trkpt lat="33.18880308419466" lon="-96.69463964179158">
        <ele>198.8</ele>
      </trkpt>
      <trkpt lat="33.18880551494658" lon="-96.69461441226304">
        <ele>198.8</ele>
      </trkpt>
      <trkpt lat="33.188817920163274" lon="-96.69444576837122">
        <ele>198.6</ele>
      </trkpt>
      <trkpt lat="33.18882026709616" lon="-96.69441651552916">
        <ele>198.6</ele>
      </trkpt>
      <trkpt lat="33.188818506896496" lon="-96.69433370232582">
        <ele>198.8</ele>
      </trkpt>
      <trkpt lat="33.18883535452187" lon="-96.69422331266105">
        <ele>198.8</ele>
      </trkpt>
      <trkpt lat="33.18884801119566" lon="-96.69405709952116">
        <ele>198.4</ele>
      </trkpt>
      <trkpt lat="33.18885404616594" lon="-96.69400563463569">
        <ele>198.6</ele>
      </trkpt>
      <trkpt lat="33.188851699233055" lon="-96.69382785446942">
        <ele>199.4</ele>
      </trkpt>
      <trkpt lat="33.18885496817529" lon="-96.69376976788044">
        <ele>199.4</ele>
      </trkpt>
      <trkpt lat="33.1888613384217" lon="-96.69364823028445">
        <ele>199.4</ele>
      </trkpt>
      <trkpt lat="33.18893644027412" lon="-96.69361897744238">
        <ele>199.2</ele>
      </trkpt>
      <trkpt lat="33.18892319686711" lon="-96.69362149201334">
        <ele>199.4</ele>
      </trkpt>
      <trkpt lat="33.1889062654227" lon="-96.69362501241267">
        <ele>199.8</ele>
      </trkpt>
      <trkpt lat="33.18888480775058" lon="-96.69362107291818">
        <ele>199.8</ele>
      </trkpt>
      <trkpt lat="33.18884398788214" lon="-96.69360933825374">
        <ele>199.8</ele>
      </trkpt>
      <trkpt lat="33.18882001563907" lon="-96.69360556639731">
        <ele>199.8</ele>
      </trkpt>
      <trkpt lat="33.18876947276294" lon="-96.69360380619764">
        <ele>199.6</ele>
      </trkpt>
      <trkpt lat="33.188661262393" lon="-96.69359693303704">
        <ele>199.6</ele>
      </trkpt>
      <trkpt lat="33.18863594904542" lon="-96.69359609484673">
        <ele>199.6</ele>
      </trkpt>
      <trkpt lat="33.18856478668749" lon="-96.69360154308379">
        <ele>199.4</ele>
      </trkpt>
      <trkpt lat="33.18849521689117" lon="-96.69360321946442">
        <ele>198.8</ele>
      </trkpt>
      <trkpt lat="33.188472585752606" lon="-96.69360506348312">
        <ele>198.8</ele>
      </trkpt>
      <trkpt lat="33.18842623382807" lon="-96.69360556639731">
        <ele>198.4</ele>
      </trkpt>
      <trkpt lat="33.188316179439425" lon="-96.69360011816025">
        <ele>199.0</ele>
      </trkpt>
      <trkpt lat="33.18829388357699" lon="-96.69359936378896">
        <ele>199.0</ele>
      </trkpt>
      <trkpt lat="33.18820042535663" lon="-96.69358653947711">
        <ele>199.4</ele>
      </trkpt>
      <trkpt lat="33.18813328631222" lon="-96.69358855113387">
        <ele>199.8</ele>
      </trkpt>
      <trkpt lat="33.18799967877567" lon="-96.69358570128679">
        <ele>199.6</ele>
      </trkpt>
      <trkpt lat="33.1879807356745" lon="-96.69358402490616">
        <ele>199.4</ele>
      </trkpt>
      <trkpt lat="33.187921391800046" lon="-96.69358000159264">
        <ele>199.4</ele>
      </trkpt>
      <trkpt lat="33.18779801018536" lon="-96.69356969185174">
        <ele>199.6</ele>
      </trkpt>
      <trkpt lat="33.18777797743678" lon="-96.69356851838529">
        <ele>199.6</ele>
      </trkpt>
      <trkpt lat="33.187733637169" lon="-96.69357564300299">
        <ele>199.6</ele>
      </trkpt>
      <trkpt lat="33.187594413757324" lon="-96.69357866048813">
        <ele>200.0</ele>
      </trkpt>
      <trkpt lat="33.18757253699005" lon="-96.69357547536492">
        <ele>200.0</ele>
      </trkpt>
      <trkpt lat="33.18755183368921" lon="-96.69357027858496">
        <ele>200.0</ele>
      </trkpt>
      <trkpt lat="33.18742115981877" lon="-96.69355854392052">
        <ele>200.2</ele>
      </trkpt>
      <trkpt lat="33.18733625113964" lon="-96.69356558471918">
        <ele>200.2</ele>
      </trkpt>
      <trkpt lat="33.18727648817003" lon="-96.69356893748045">
        <ele>200.2</ele>
      </trkpt>
      <trkpt lat="33.18713114596903" lon="-96.69359081424773">
        <ele>200.2</ele>
      </trkpt>
      <trkpt lat="33.1871051620692" lon="-96.6935939155519">
        <ele>200.4</ele>
      </trkpt>
      <trkpt lat="33.18707917816937" lon="-96.69359810650349">
        <ele>200.6</ele>
      </trkpt>
      <trkpt lat="33.1869291421026" lon="-96.69363255612552">
        <ele>201.2</ele>
      </trkpt>
      <trkpt lat="33.186884969472885" lon="-96.69364823028445">
        <ele>201.2</ele>
      </trkpt>
      <trkpt lat="33.18686317652464" lon="-96.6936541814357">
        <ele>201.4</ele>
      </trkpt>
      <trkpt lat="33.18681967444718" lon="-96.69367035850883">
        <ele>201.8</ele>
      </trkpt>
      <trkpt lat="33.18668003194034" lon="-96.69370698742568">
        <ele>202.2</ele>
      </trkpt>
      <trkpt lat="33.186634266749024" lon="-96.69371478259563">
        <ele>202.0</ele>
      </trkpt>
      <trkpt lat="33.18649663589895" lon="-96.69375208206475">
        <ele>202.0</ele>
      </trkpt>
      <trkpt lat="33.186476016417146" lon="-96.69376063160598">
        <ele>201.8</ele>
      </trkpt>
      <trkpt lat="33.18641365505755" lon="-96.69378167018294">
        <ele>201.6</ele>
      </trkpt>
      <trkpt lat="33.186281053349376" lon="-96.693802960217">
        <ele>201.0</ele>
      </trkpt>
      <trkpt lat="33.186189690604806" lon="-96.69382450170815">
        <ele>200.8</ele>
      </trkpt>
      <trkpt lat="33.1861088052392" lon="-96.69386062771082">
        <ele>200.8</ele>
      </trkpt>
      <trkpt lat="33.18599162623286" lon="-96.69391578063369">
        <ele>200.8</ele>
      </trkpt>
      <trkpt lat="33.18594904616475" lon="-96.69393707066774">
        <ele>200.8</ele>
      </trkpt>
      <trkpt lat="33.18581761792302" lon="-96.69400471262634">
        <ele>201.4</ele>
      </trkpt>
      <trkpt lat="33.18577260710299" lon="-96.69402407482266">
        <ele>201.4</ele>
      </trkpt>
      <trkpt lat="33.18575173616409" lon="-96.69403379783034">
        <ele>201.4</ele>
      </trkpt>
      <trkpt lat="33.18562500178814" lon="-96.69408216141164">
        <ele>200.8</ele>
      </trkpt>
      <trkpt lat="33.18556440062821" lon="-96.6941137611866">
        <ele>200.8</ele>
      </trkpt>
      <trkpt lat="33.1855043862015" lon="-96.69414703734219">
        <ele>201.0</ele>
      </trkpt>
      <trkpt lat="33.18546230904758" lon="-96.69417578727007">
        <ele>201.0</ele>
      </trkpt>
      <trkpt lat="33.18542123772204" lon="-96.69420529156923">
        <ele>201.0</ele>
      </trkpt>
      <trkpt lat="33.185361893847585" lon="-96.69425818137825">
        <ele>200.8</ele>
      </trkpt>
      <trkpt lat="33.185289055109024" lon="-96.69432925991714">
        <ele>200.6</ele>
      </trkpt>
      <trkpt lat="33.18517439067364" lon="-96.6944155935198">
        <ele>200.6</ele>
      </trkpt>
      <trkpt lat="33.18513784557581" lon="-96.69444778002799">
        <ele>200.6</ele>
      </trkpt>
      <trkpt lat="33.18502091802657" lon="-96.69453176669776">
        <ele>201.4</ele>
      </trkpt>
      <trkpt lat="33.184985630214214" lon="-96.69455012306571">
        <ele>201.4</ele>
      </trkpt>
      <trkpt lat="33.18491538986564" lon="-96.69458054937422">
        <ele>201.8</ele>
      </trkpt>
      <trkpt lat="33.18484405986965" lon="-96.6946148313582">
        <ele>202.0</ele>
      </trkpt>
      <trkpt lat="33.18480608984828" lon="-96.69464701786637">
        <ele>201.8</ele>
      </trkpt>
      <trkpt lat="33.184708608314395" lon="-96.69472840614617">
        <ele>202.0</ele>
      </trkpt>
      <trkpt lat="33.18461640737951" lon="-96.69481926597655">
        <ele>202.4</ele>
      </trkpt>
      <trkpt lat="33.18458145484328" lon="-96.69485941529274">
        <ele>202.4</ele>
      </trkpt>
      <trkpt lat="33.18447299301624" lon="-96.69496854767203">
        <ele>202.8</ele>
      </trkpt>
      <trkpt lat="33.18443116731942" lon="-96.6950014885515">
        <ele>202.6</ele>
      </trkpt>
      <trkpt lat="33.184317257255316" lon="-96.69507768005133">
        <ele>202.2</ele>
      </trkpt>
      <trkpt lat="33.18424073047936" lon="-96.69512260705233">
        <ele>203.0</ele>
      </trkpt>
      <trkpt lat="33.18413428030908" lon="-96.69520282186568">
        <ele>203.2</ele>
      </trkpt>
      <trkpt lat="33.18407862447202" lon="-96.69524867087603">
        <ele>203.0</ele>
      </trkpt>
      <trkpt lat="33.184062698855996" lon="-96.69526409357786">
        <ele>203.0</ele>
      </trkpt>
      <trkpt lat="33.183972258120775" lon="-96.69534833170474">
        <ele>202.8</ele>
      </trkpt>
      <trkpt lat="33.18395499140024" lon="-96.6953672748059">
        <ele>202.8</ele>
      </trkpt>
      <trkpt lat="33.18390327505767" lon="-96.69542913325131">
        <ele>203.0</ele>
      </trkpt>
      <trkpt lat="33.18380042910576" lon="-96.69553583487868">
        <ele>203.4</ele>
      </trkpt>
      <trkpt lat="33.183698588982224" lon="-96.69562133029103">
        <ele>203.4</ele>
      </trkpt>
      <trkpt lat="33.18362005054951" lon="-96.69568922370672">
        <ele>203.8</ele>
      </trkpt>
      <trkpt lat="33.18357671611011" lon="-96.69571931473911">
        <ele>204.2</ele>
      </trkpt>
      <trkpt lat="33.18350245244801" lon="-96.6957729589194">
        <ele>204.4</ele>
      </trkpt>
      <trkpt lat="33.183467919006944" lon="-96.6957977693528">
        <ele>204.4</ele>
      </trkpt>
      <trkpt lat="33.18334948271513" lon="-96.69587437994778">
        <ele>204.4</ele>
      </trkpt>
      <trkpt lat="33.18330941721797" lon="-96.69590212404728">
        <ele>204.2</ele>
      </trkpt>
      <trkpt lat="33.18317949771881" lon="-96.69595803134143">
        <ele>204.2</ele>
      </trkpt>
      <trkpt lat="33.18313775584102" lon="-96.69597680680454">
        <ele>204.6</ele>
      </trkpt>
      <trkpt lat="33.183098528534174" lon="-96.6959957499057">
        <ele>204.8</ele>
      </trkpt>
      <trkpt lat="33.18298252299428" lon="-96.69608107767999">
        <ele>205.2</ele>
      </trkpt>
      <trkpt lat="33.18291136063635" lon="-96.69612944126129">
        <ele>206.0</ele>
      </trkpt>
      <trkpt lat="33.18289032205939" lon="-96.69613832607865">
        <ele>206.4</ele>
      </trkpt>
      <trkpt lat="33.18282754160464" lon="-96.69617453590035">
        <ele>207.0</ele>
      </trkpt>
      <trkpt lat="33.182706171646714" lon="-96.69623765163124">
        <ele>206.6</ele>
      </trkpt>
      <trkpt lat="33.182643139734864" lon="-96.69626145623624">
        <ele>205.8</ele>
      </trkpt>
      <trkpt lat="33.18251397460699" lon="-96.69630847871304">
        <ele>205.6</ele>
      </trkpt>
      <trkpt lat="33.18249528296292" lon="-96.69631929136813">
        <ele>205.6</ele>
      </trkpt>
      <trkpt lat="33.182476591318846" lon="-96.69632859528065">
        <ele>205.6</ele>
      </trkpt>
      <trkpt lat="33.18234583362937" lon="-96.69638089835644">
        <ele>206.4</ele>
      </trkpt>
      <trkpt lat="33.1822769343853" lon="-96.69641576707363">
        <ele>206.6</ele>
      </trkpt>
      <trkpt lat="33.182139471173286" lon="-96.69647293165326">
        <ele>205.8</ele>
      </trkpt>
      <trkpt lat="33.18207124248147" lon="-96.69649212621152">
        <ele>205.6</ele>
      </trkpt>
      <trkpt lat="33.18204718641937" lon="-96.69649807736278">
        <ele>205.6</ele>
      </trkpt>
      <trkpt lat="33.181998739019036" lon="-96.6965087223798">
        <ele>205.8</ele>
      </trkpt>
      <trkpt lat="33.18189094774425" lon="-96.69653370045125">
        <ele>206.2</ele>
      </trkpt>
      <trkpt lat="33.18182464689016" lon="-96.69656010344625">
        <ele>206.6</ele>
      </trkpt>
      <trkpt lat="33.181760190054774" lon="-96.69660083949566">
        <ele>206.8</ele>
      </trkpt>
      <trkpt lat="33.18171811290085" lon="-96.69662422500551">
        <ele>206.8</ele>
      </trkpt>
      <trkpt lat="33.18165801465511" lon="-96.69665959663689">
        <ele>207.0</ele>
      </trkpt>
      <trkpt lat="33.18161576986313" lon="-96.69668281450868">
        <ele>207.0</ele>
      </trkpt>
      <trkpt lat="33.181548714637756" lon="-96.69671500101686">
        <ele>207.0</ele>
      </trkpt>
      <trkpt lat="33.18142097443342" lon="-96.6967782843858">
        <ele>207.0</ele>
      </trkpt>
      <trkpt lat="33.18139943294227" lon="-96.69678633101285">
        <ele>207.0</ele>
      </trkpt>
      <trkpt lat="33.18137722089887" lon="-96.6967952158302">
        <ele>207.0</ele>
      </trkpt>
      <trkpt lat="33.18125660531223" lon="-96.6968647018075">
        <ele>207.2</ele>
      </trkpt>
      <trkpt lat="33.181217797100544" lon="-96.69689781032503">
        <ele>207.4</ele>
      </trkpt>
      <trkpt lat="33.18119650706649" lon="-96.69691314920783">
        <ele>207.4</ele>
      </trkpt>
      <trkpt lat="33.1810662522912" lon="-96.69698766432703">
        <ele>206.8</ele>
      </trkpt>
      <trkpt lat="33.18100590258837" lon="-96.69702831655741">
        <ele>207.0</ele>
      </trkpt>
      <trkpt lat="33.180986288934946" lon="-96.69703879393637">
        <ele>207.0</ele>
      </trkpt>
      <trkpt lat="33.18090347573161" lon="-96.69707911089063">
        <ele>207.2</ele>
      </trkpt>
      <trkpt lat="33.180887969210744" lon="-96.69710014946759">
        <ele>207.0</ele>
      </trkpt>
      <trkpt lat="33.18079115822911" lon="-96.69718338176608">
        <ele>207.0</ele>
      </trkpt>
      <trkpt lat="33.18072988651693" lon="-96.69722554273903">
        <ele>207.2</ele>
      </trkpt>
      <trkpt lat="33.180610947310925" lon="-96.697304751724">
        <ele>207.2</ele>
      </trkpt>
      <trkpt lat="33.18059275858104" lon="-96.69731765985489">
        <ele>207.2</ele>
      </trkpt>
      <trkpt lat="33.180486392229795" lon="-96.6974292229861">
        <ele>207.2</ele>
      </trkpt>
      <trkpt lat="33.180417912080884" lon="-96.69749694876373">
        <ele>207.0</ele>
      </trkpt>
      <trkpt lat="33.18031548522413" lon="-96.69759074226022">
        <ele>207.0</ele>
      </trkpt>
      <trkpt lat="33.18028589710593" lon="-96.69762049801648">
        <ele>207.2</ele>
      </trkpt>
      <trkpt lat="33.180254800245166" lon="-96.69765125960112">
        <ele>207.2</ele>
      </trkpt>
      <trkpt lat="33.18015388213098" lon="-96.69772535562515">
        <ele>207.0</ele>
      </trkpt>
      <trkpt lat="33.18006360903382" lon="-96.69779618270695">
        <ele>207.0</ele>
      </trkpt>
      <trkpt lat="33.180025052279234" lon="-96.69782049022615">
        <ele>206.8</ele>
      </trkpt>
      <trkpt lat="33.17990410141647" lon="-96.6979165468365">
        <ele>206.8</ele>
      </trkpt>
      <trkpt lat="33.17986344918609" lon="-96.69794110581279">
        <ele>207.0</ele>
      </trkpt>
      <trkpt lat="33.1798404827714" lon="-96.69795208610594">
        <ele>207.0</ele>
      </trkpt>
      <trkpt lat="33.179775439202785" lon="-96.69799122959375">
        <ele>207.4</ele>
      </trkpt>
      <trkpt lat="33.179644430056214" lon="-96.69806876219809">
        <ele>207.0</ele>
      </trkpt>
      <trkpt lat="33.179518450051546" lon="-96.69814428314567">
        <ele>206.6</ele>
      </trkpt>
      <trkpt lat="33.17947528325021" lon="-96.69816850684583">
        <ele>206.6</ele>
      </trkpt>
      <trkpt lat="33.17943278700113" lon="-96.69818921014667">
        <ele>206.6</ele>
      </trkpt>
      <trkpt lat="33.17930429242551" lon="-96.69824855402112">
        <ele>206.6</ele>
      </trkpt>
      <trkpt lat="33.179261377081275" lon="-96.69826967641711">
        <ele>206.4</ele>
      </trkpt>
      <trkpt lat="33.17922005429864" lon="-96.69828954152763">
        <ele>206.2</ele>
      </trkpt>
      <trkpt lat="33.179099606350064" lon="-96.69834754429758">
        <ele>205.8</ele>
      </trkpt>
      <trkpt lat="33.17901788279414" lon="-96.69837495312095">
        <ele>205.8</ele>
      </trkpt>
      <trkpt lat="33.178963819518685" lon="-96.69839297421277">
        <ele>205.8</ele>
      </trkpt>
      <trkpt lat="33.17882912233472" lon="-96.69844242744148">
        <ele>205.8</ele>
      </trkpt>
      <trkpt lat="33.17880573682487" lon="-96.69845474883914">
        <ele>206.0</ele>
      </trkpt>
      <trkpt lat="33.17866249009967" lon="-96.69849372468889">
        <ele>206.0</ele>
      </trkpt>
      <trkpt lat="33.17859350703657" lon="-96.69851442798972">
        <ele>206.2</ele>
      </trkpt>
      <trkpt lat="33.17857171408832" lon="-96.69851996004581">
        <ele>206.0</ele>
      </trkpt>
      <trkpt lat="33.17844808101654" lon="-96.69854284264147">
        <ele>205.8</ele>
      </trkpt>
      <trkpt lat="33.178360825404525" lon="-96.69857645407319">
        <ele>205.8</ele>
      </trkpt>
      <trkpt lat="33.17831598222256" lon="-96.69858089648187">
        <ele>205.8</ele>
      </trkpt>
      <trkpt lat="33.17818036302924" lon="-96.69859279878438">
        <ele>205.6</ele>
      </trkpt>
      <trkpt lat="33.17813677713275" lon="-96.69859514571726">
        <ele>206.4</ele>
      </trkpt>
      <trkpt lat="33.17806921899319" lon="-96.69859263114631">
        <ele>207.6</ele>
      </trkpt>
      <trkpt lat="33.1779304984957" lon="-96.6985981632024">
        <ele>206.8</ele>
      </trkpt>
      <trkpt lat="33.17790518514812" lon="-96.69860143214464">
        <ele>206.6</ele>
      </trkpt>
      <trkpt lat="33.177830167114735" lon="-96.69860671274364">
        <ele>206.4</ele>
      </trkpt>
      <trkpt lat="33.177708964794874" lon="-96.69860956259072">
        <ele>205.8</ele>
      </trkpt>
      <trkpt lat="33.17766185849905" lon="-96.69861040078104">
        <ele>206.0</ele>
      </trkpt>
      <trkpt lat="33.17759103141725" lon="-96.69859615154564">
        <ele>206.4</ele>
      </trkpt>
      <trkpt lat="33.177530178800225" lon="-96.69857360422611">
        <ele>206.8</ele>
      </trkpt>
      <trkpt lat="33.17746555432677" lon="-96.69855340383947">
        <ele>207.4</ele>
      </trkpt>
      <trkpt lat="33.17744443193078" lon="-96.69854829087853">
        <ele>207.4</ele>
      </trkpt>
      <trkpt lat="33.177372766658664" lon="-96.698546865955">
        <ele>207.0</ele>
      </trkpt>
      <trkpt lat="33.17725969478488" lon="-96.6985413338989">
        <ele>206.6</ele>
      </trkpt>
      <trkpt lat="33.17724267952144" lon="-96.698531024158">
        <ele>206.8</ele>
      </trkpt>
      <trkpt lat="33.17710613831878" lon="-96.69852431863546">
        <ele>206.6</ele>
      </trkpt>
      <trkpt lat="33.17706196568906" lon="-96.69852867722511">
        <ele>206.2</ele>
      </trkpt>
      <trkpt lat="33.17703966982663" lon="-96.69852834194899">
        <ele>206.0</ele>
      </trkpt>
      <trkpt lat="33.17696398124099" lon="-96.69849724508822">
        <ele>206.2</ele>
      </trkpt>
      <trkpt lat="33.17684395238757" lon="-96.69843689538538">
        <ele>206.2</ele>
      </trkpt>
      <trkpt lat="33.17678234539926" lon="-96.69843136332929">
        <ele>206.0</ele>
      </trkpt>
      <trkpt lat="33.17663482390344" lon="-96.69838610105217">
        <ele>206.2</ele>
      </trkpt>
      <trkpt lat="33.1765282060951" lon="-96.69836950488389">
        <ele>206.2</ele>
      </trkpt>
      <trkpt lat="33.17648629657924" lon="-96.69836883433163">
        <ele>206.0</ele>
      </trkpt>
      <trkpt lat="33.17641714587808" lon="-96.6983581893146">
        <ele>205.8</ele>
      </trkpt>
      <trkpt lat="33.17627230659127" lon="-96.69832005165517">
        <ele>206.8</ele>
      </trkpt>
      <trkpt lat="33.17618572153151" lon="-96.69828342273831">
        <ele>207.4</ele>
      </trkpt>
      <trkpt lat="33.176084300503135" lon="-96.69824209995568">
        <ele>207.6</ele>
      </trkpt>
      <trkpt lat="33.175972905009985" lon="-96.69819759204984">
        <ele>207.2</ele>
      </trkpt>
      <trkpt lat="33.175895204767585" lon="-96.6981546767056">
        <ele>207.4</ele>
      </trkpt>
      <trkpt lat="33.17587408237159" lon="-96.69811955653131">
        <ele>207.4</ele>
      </trkpt>
      <trkpt lat="33.175871232524514" lon="-96.69807094149292">
        <ele>207.6</ele>
      </trkpt>
      <trkpt lat="33.175868801772594" lon="-96.69802023097873">
        <ele>207.6</ele>
      </trkpt>
      <trkpt lat="33.175853714346886" lon="-96.69787379913032">
        <ele>207.2</ele>
      </trkpt>
      <trkpt lat="33.17586570046842" lon="-96.6977714560926">
        <ele>206.8</ele>
      </trkpt>
      <trkpt lat="33.17587483674288" lon="-96.69772434979677">
        <ele>206.2</ele>
      </trkpt>
      <trkpt lat="33.17589344456792" lon="-96.69758705422282">
        <ele>206.2</ele>
      </trkpt>
      <trkpt lat="33.17590149119496" lon="-96.69750616885722">
        <ele>206.2</ele>
      </trkpt>
      <trkpt lat="33.175908867269754" lon="-96.69742201454937">
        <ele>205.4</ele>
      </trkpt>
      <trkpt lat="33.17590970546007" lon="-96.6973105352372">
        <ele>205.2</ele>
      </trkpt>
      <trkpt lat="33.1759063526988" lon="-96.697230739519">
        <ele>205.4</ele>
      </trkpt>
      <trkpt lat="33.175904927775264" lon="-96.69720475561917">
        <ele>205.6</ele>
      </trkpt>
      <trkpt lat="33.17586771212518" lon="-96.69706519693136">
        <ele>205.4</ele>
      </trkpt>
    </trkseg>
  </trk>
</gpx>
